C0557033,C0032214,0.0
C0557033,C0004600,1.0
C0557033,C0344315,0.3333333333333333
C0557033,C0424096,0.5
C0557033,C0205136,0.3333333333333333
C0557033,C0205272,0.0
C0557033,C0027342,0.0
C0557033,C0679924,0.0
C0557033,C0205172,0.0
C0557033,C0004271,1.0
C0557033,C0018592,1.0
C0557033,C0441987,1.0
C0557033,C0439780,0.0
C0557033,C0547043,0.3333333333333333
C0557033,C0349590,0.0
C0557033,C0016248,0.5
C0557033,C1298908,0.5
C0557033,C0042950,0.0
C0557033,C0233535,1.0
C0557033,C0205314,0.0
C0557033,C0205225,0.0
C0557033,C0332159,0.0
C0557033,C0750482,1.0
C0557033,C0005595,1.0
C0557033,C0444868,1.0
C0557033,C0442824,0.5
C0557033,C0205103,0.0
C0557033,C0679062,1.0
C0557033,C0004916,1.0
C0557033,C0023185,1.0
C0557033,C0205091,1.0
C0557033,C0870814,0.0
C0557033,C0233426,0.0
C0557033,C0233642,0.0
C0557033,C0179196,1.0
C0557033,C0220843,0.0
C0557033,C0020114,0.0
C0557033,C0442519,0.0
C0557033,C0003507,0.0
C0557033,C0332183,0.0
C0557033,C0205392,0.0
C0557033,C0040223,0.5
C0557033,C0036375,1.0
C0557033,C0960273,1.0
C0557033,C0332148,0.0
C0557033,C0205159,0.0
C0557033,C1272695,0.0
C0557033,C0008114,1.0
C0557033,C0039409,0.5
C0557033,C0023133,1.0
C0557033,C0037683,0.0
C0557033,C0423552,0.0
C0557033,C0681495,0.5
C0557033,C0871743,1.0
C0557033,C0027361,1.0
C0557033,C0596545,0.0
C0557033,C0587117,1.0
C0557033,C0424318,1.0
C0557033,C0039869,0.0
C0557033,C0565931,1.0
C0557033,C0018767,0.0
C0557033,C0453900,0.0
C0557033,C0023175,0.0
C0557033,C1272689,0.0
C0557033,C0332272,0.5
C0557033,C0332273,1.0
C0557033,C0439234,0.0
C0557033,C0004927,0.0
C0557033,C0086296,0.5
C0557033,C0871222,0.0
C0557033,C0021223,0.1
C0557033,C0162340,1.0
C0557033,C0849912,0.5
C0557033,C0039401,0.0
C0557033,C0080151,0.3333333333333333
C0557033,C0007306,1.0
C0557033,C0205170,1.0
C0557033,C0033213,0.0
C0557033,C0683610,0.0
C0557033,C0233481,0.5
C0557033,C0332288,0.0
C0557033,C1080058,0.0
C0032214,C0004600,0.0
C0032214,C0344315,0.0
C0032214,C0424096,0.0
C0032214,C0205136,0.0
C0032214,C0205272,0.0
C0032214,C0027342,0.0
C0032214,C0679924,0.0
C0032214,C0205172,0.0
C0032214,C0004271,0.0
C0032214,C0018592,0.0
C0032214,C0441987,0.0
C0032214,C0439780,1.0
C0032214,C0547043,0.3333333333333333
C0032214,C0349590,0.0
C0032214,C0016248,0.0
C0032214,C1298908,0.0
C0032214,C0042950,0.0
C0032214,C0233535,0.0
C0032214,C0205314,1.0
C0032214,C0205225,1.0
C0032214,C0332159,0.0
C0032214,C0750482,0.0
C0032214,C0005595,0.0
C0032214,C0444868,0.0
C0032214,C0442824,0.0
C0032214,C0205103,0.0
C0032214,C0679062,0.0
C0032214,C0004916,0.0
C0032214,C0023185,0.0
C0032214,C0205091,0.0
C0032214,C0870814,0.0
C0032214,C0233426,1.0
C0032214,C0233642,1.0
C0032214,C0179196,0.0
C0032214,C0220843,0.0
C0032214,C0020114,0.0
C0032214,C0442519,0.0
C0032214,C0003507,0.0
C0032214,C0332183,0.0
C0032214,C0205392,0.0
C0032214,C0040223,0.0
C0032214,C0036375,0.0
C0032214,C0960273,0.0
C0032214,C0332148,0.0
C0032214,C0205159,0.0
C0032214,C1272695,1.0
C0032214,C0008114,0.0
C0032214,C0039409,0.0
C0032214,C0023133,0.0
C0032214,C0037683,1.0
C0032214,C0423552,0.0
C0032214,C0681495,0.0
C0032214,C0871743,0.0
C0032214,C0027361,0.0
C0032214,C0596545,1.0
C0032214,C0587117,0.0
C0032214,C0424318,0.0
C0032214,C0039869,0.0
C0032214,C0565931,0.0
C0032214,C0018767,0.0
C0032214,C0453900,0.0
C0032214,C0023175,0.0
C0032214,C1272689,1.0
C0032214,C0332272,0.0
C0032214,C0332273,0.0
C0032214,C0439234,0.0
C0032214,C0004927,0.0
C0032214,C0086296,0.0
C0032214,C0871222,0.0
C0032214,C0021223,0.0
C0032214,C0162340,0.0
C0032214,C0849912,0.0
C0032214,C0039401,0.0
C0032214,C0080151,0.0
C0032214,C0007306,0.0
C0032214,C0205170,0.0
C0032214,C0033213,0.5
C0032214,C0683610,0.0
C0032214,C0233481,0.0
C0032214,C0332288,0.0
C0032214,C1080058,0.3333333333333333
C0004600,C0344315,0.16666666666666666
C0004600,C0424096,0.5
C0004600,C0205136,0.0
C0004600,C0205272,0.0
C0004600,C0027342,0.0
C0004600,C0679924,0.0
C0004600,C0205172,0.0
C0004600,C0004271,1.0
C0004600,C0018592,0.0
C0004600,C0441987,0.0
C0004600,C0439780,0.0
C0004600,C0547043,0.3333333333333333
C0004600,C0349590,0.0
C0004600,C0016248,0.5
C0004600,C1298908,0.0
C0004600,C0042950,0.0
C0004600,C0233535,1.0
C0004600,C0205314,0.0
C0004600,C0205225,0.0
C0004600,C0332159,0.0
C0004600,C0750482,1.0
C0004600,C0005595,1.0
C0004600,C0444868,1.0
C0004600,C0442824,0.5
C0004600,C0205103,0.0
C0004600,C0679062,0.0
C0004600,C0004916,1.0
C0004600,C0023185,0.0
C0004600,C0205091,1.0
C0004600,C0870814,0.0
C0004600,C0233426,0.0
C0004600,C0233642,0.0
C0004600,C0179196,1.0
C0004600,C0220843,0.0
C0004600,C0020114,0.0
C0004600,C0442519,0.0
C0004600,C0003507,0.0
C0004600,C0332183,0.0
C0004600,C0205392,0.0
C0004600,C0040223,0.0
C0004600,C0036375,1.0
C0004600,C0960273,1.0
C0004600,C0332148,0.0
C0004600,C0205159,0.0
C0004600,C1272695,0.0
C0004600,C0008114,1.0
C0004600,C0039409,0.5
C0004600,C0023133,1.0
C0004600,C0037683,0.0
C0004600,C0423552,0.0
C0004600,C0681495,0.5
C0004600,C0871743,0.0
C0004600,C0027361,0.0
C0004600,C0596545,0.0
C0004600,C0587117,1.0
C0004600,C0424318,1.0
C0004600,C0039869,0.0
C0004600,C0565931,1.0
C0004600,C0018767,0.0
C0004600,C0453900,0.0
C0004600,C0023175,0.0
C0004600,C1272689,0.0
C0004600,C0332272,0.5
C0004600,C0332273,1.0
C0004600,C0439234,0.0
C0004600,C0004927,0.0
C0004600,C0086296,0.0
C0004600,C0871222,0.0
C0004600,C0021223,0.1
C0004600,C0162340,0.0
C0004600,C0849912,0.0
C0004600,C0039401,0.0
C0004600,C0080151,0.3333333333333333
C0004600,C0007306,0.0
C0004600,C0205170,0.0
C0004600,C0033213,0.0
C0004600,C0683610,0.0
C0004600,C0233481,0.5
C0004600,C0332288,0.0
C0004600,C1080058,0.0
C0344315,C0424096,0.5
C0344315,C0205136,0.3333333333333333
C0344315,C0205272,0.0
C0344315,C0027342,0.0
C0344315,C0679924,0.0
C0344315,C0205172,0.0
C0344315,C0004271,1.0
C0344315,C0018592,1.0
C0344315,C0441987,1.0
C0344315,C0439780,0.0
C0344315,C0547043,0.3333333333333333
C0344315,C0349590,0.0
C0344315,C0016248,0.5
C0344315,C1298908,0.5
C0344315,C0042950,0.0
C0344315,C0233535,1.0
C0344315,C0205314,0.0
C0344315,C0205225,0.0
C0344315,C0332159,0.0
C0344315,C0750482,1.0
C0344315,C0005595,1.0
C0344315,C0444868,1.0
C0344315,C0442824,0.5
C0344315,C0205103,0.0
C0344315,C0679062,1.0
C0344315,C0004916,1.0
C0344315,C0023185,1.0
C0344315,C0205091,1.0
C0344315,C0870814,0.0
C0344315,C0233426,0.0
C0344315,C0233642,0.0
C0344315,C0179196,1.0
C0344315,C0220843,0.0
C0344315,C0020114,0.0
C0344315,C0442519,0.0
C0344315,C0003507,0.0
C0344315,C0332183,0.0
C0344315,C0205392,0.0
C0344315,C0040223,0.5
C0344315,C0036375,1.0
C0344315,C0960273,1.0
C0344315,C0332148,0.0
C0344315,C0205159,0.0
C0344315,C1272695,0.0
C0344315,C0008114,1.0
C0344315,C0039409,0.5
C0344315,C0023133,1.0
C0344315,C0037683,0.0
C0344315,C0423552,0.0
C0344315,C0681495,0.5
C0344315,C0871743,1.0
C0344315,C0027361,1.0
C0344315,C0596545,0.0
C0344315,C0587117,1.0
C0344315,C0424318,1.0
C0344315,C0039869,0.0
C0344315,C0565931,1.0
C0344315,C0018767,0.0
C0344315,C0453900,0.0
C0344315,C0023175,0.0
C0344315,C1272689,0.0
C0344315,C0332272,0.5
C0344315,C0332273,1.0
C0344315,C0439234,0.0
C0344315,C0004927,0.0
C0344315,C0086296,0.5
C0344315,C0871222,0.0
C0344315,C0021223,0.1
C0344315,C0162340,1.0
C0344315,C0849912,0.5
C0344315,C0039401,0.0
C0344315,C0080151,0.3333333333333333
C0344315,C0007306,1.0
C0344315,C0205170,1.0
C0344315,C0033213,0.0
C0344315,C0683610,0.0
C0344315,C0233481,0.5
C0344315,C0332288,0.0
C0344315,C1080058,0.0
C0424096,C0205136,0.0
C0424096,C0205272,0.0
C0424096,C0027342,0.0
C0424096,C0679924,0.0
C0424096,C0205172,0.0
C0424096,C0004271,1.0
C0424096,C0018592,0.0
C0424096,C0441987,0.0
C0424096,C0439780,0.0
C0424096,C0547043,0.3333333333333333
C0424096,C0349590,0.0
C0424096,C0016248,0.5
C0424096,C1298908,0.5
C0424096,C0042950,0.0
C0424096,C0233535,1.0
C0424096,C0205314,0.0
C0424096,C0205225,0.0
C0424096,C0332159,0.0
C0424096,C0750482,1.0
C0424096,C0005595,1.0
C0424096,C0444868,1.0
C0424096,C0442824,0.5
C0424096,C0205103,0.0
C0424096,C0679062,0.0
C0424096,C0004916,1.0
C0424096,C0023185,0.0
C0424096,C0205091,1.0
C0424096,C0870814,0.0
C0424096,C0233426,0.0
C0424096,C0233642,0.0
C0424096,C0179196,1.0
C0424096,C0220843,0.0
C0424096,C0020114,0.0
C0424096,C0442519,0.0
C0424096,C0003507,0.0
C0424096,C0332183,0.0
C0424096,C0205392,0.0
C0424096,C0040223,0.0
C0424096,C0036375,1.0
C0424096,C0960273,1.0
C0424096,C0332148,1.0
C0424096,C0205159,0.0
C0424096,C1272695,0.0
C0424096,C0008114,1.0
C0424096,C0039409,0.5
C0424096,C0023133,1.0
C0424096,C0037683,0.0
C0424096,C0423552,0.0
C0424096,C0681495,0.5
C0424096,C0871743,0.0
C0424096,C0027361,0.0
C0424096,C0596545,0.0
C0424096,C0587117,1.0
C0424096,C0424318,1.0
C0424096,C0039869,0.0
C0424096,C0565931,1.0
C0424096,C0018767,0.0
C0424096,C0453900,0.0
C0424096,C0023175,0.0
C0424096,C1272689,0.0
C0424096,C0332272,0.5
C0424096,C0332273,1.0
C0424096,C0439234,0.0
C0424096,C0004927,0.0
C0424096,C0086296,0.0
C0424096,C0871222,0.0
C0424096,C0021223,0.2
C0424096,C0162340,0.0
C0424096,C0849912,0.0
C0424096,C0039401,1.0
C0424096,C0080151,0.3333333333333333
C0424096,C0007306,0.0
C0424096,C0205170,0.0
C0424096,C0033213,0.0
C0424096,C0683610,0.0
C0424096,C0233481,0.5
C0424096,C0332288,0.0
C0424096,C1080058,0.0
C0205136,C0205272,0.0
C0205136,C0027342,1.0
C0205136,C0679924,0.0
C0205136,C0205172,1.0
C0205136,C0004271,0.0
C0205136,C0018592,1.0
C0205136,C0441987,1.0
C0205136,C0439780,0.0
C0205136,C0547043,0.3333333333333333
C0205136,C0349590,0.0
C0205136,C0016248,0.0
C0205136,C1298908,0.5
C0205136,C0042950,1.0
C0205136,C0233535,0.0
C0205136,C0205314,0.0
C0205136,C0205225,0.0
C0205136,C0332159,1.0
C0205136,C0750482,0.0
C0205136,C0005595,0.0
C0205136,C0444868,0.0
C0205136,C0442824,0.5
C0205136,C0205103,1.0
C0205136,C0679062,1.0
C0205136,C0004916,0.0
C0205136,C0023185,1.0
C0205136,C0205091,0.0
C0205136,C0870814,0.0
C0205136,C0233426,0.0
C0205136,C0233642,0.0
C0205136,C0179196,0.0
C0205136,C0220843,1.0
C0205136,C0020114,0.0
C0205136,C0442519,0.0
C0205136,C0003507,1.0
C0205136,C0332183,1.0
C0205136,C0205392,0.0
C0205136,C0040223,1.0
C0205136,C0036375,0.0
C0205136,C0960273,0.0
C0205136,C0332148,0.0
C0205136,C0205159,0.0
C0205136,C1272695,0.0
C0205136,C0008114,0.0
C0205136,C0039409,0.0
C0205136,C0023133,0.0
C0205136,C0037683,0.0
C0205136,C0423552,0.0
C0205136,C0681495,0.5
C0205136,C0871743,1.0
C0205136,C0027361,1.0
C0205136,C0596545,0.0
C0205136,C0587117,0.0
C0205136,C0424318,0.0
C0205136,C0039869,1.0
C0205136,C0565931,0.0
C0205136,C0018767,0.0
C0205136,C0453900,0.0
C0205136,C0023175,0.0
C0205136,C1272689,0.0
C0205136,C0332272,0.5
C0205136,C0332273,0.0
C0205136,C0439234,0.0
C0205136,C0004927,1.0
C0205136,C0086296,0.5
C0205136,C0871222,1.0
C0205136,C0021223,0.1
C0205136,C0162340,1.0
C0205136,C0849912,1.0
C0205136,C0039401,0.0
C0205136,C0080151,0.0
C0205136,C0007306,1.0
C0205136,C0205170,1.0
C0205136,C0033213,0.0
C0205136,C0683610,1.0
C0205136,C0233481,0.0
C0205136,C0332288,0.0
C0205136,C1080058,0.0
C0205272,C0027342,0.0
C0205272,C0679924,0.0
C0205272,C0205172,0.0
C0205272,C0004271,0.0
C0205272,C0018592,0.0
C0205272,C0441987,0.0
C0205272,C0439780,0.0
C0205272,C0547043,0.0
C0205272,C0349590,0.0
C0205272,C0016248,0.0
C0205272,C1298908,0.0
C0205272,C0042950,0.0
C0205272,C0233535,0.0
C0205272,C0205314,0.0
C0205272,C0205225,0.0
C0205272,C0332159,0.0
C0205272,C0750482,0.0
C0205272,C0005595,0.0
C0205272,C0444868,0.0
C0205272,C0442824,0.0
C0205272,C0205103,0.0
C0205272,C0679062,0.0
C0205272,C0004916,0.0
C0205272,C0023185,0.0
C0205272,C0205091,0.0
C0205272,C0870814,0.0
C0205272,C0233426,0.0
C0205272,C0233642,0.0
C0205272,C0179196,0.0
C0205272,C0220843,0.0
C0205272,C0020114,0.0
C0205272,C0442519,1.0
C0205272,C0003507,0.0
C0205272,C0332183,0.0
C0205272,C0205392,0.0
C0205272,C0040223,0.0
C0205272,C0036375,0.0
C0205272,C0960273,0.0
C0205272,C0332148,0.0
C0205272,C0205159,1.0
C0205272,C1272695,0.0
C0205272,C0008114,0.0
C0205272,C0039409,0.0
C0205272,C0023133,0.0
C0205272,C0037683,0.0
C0205272,C0423552,0.0
C0205272,C0681495,0.0
C0205272,C0871743,0.0
C0205272,C0027361,0.0
C0205272,C0596545,0.0
C0205272,C0587117,0.0
C0205272,C0424318,0.0
C0205272,C0039869,0.0
C0205272,C0565931,0.0
C0205272,C0018767,0.0
C0205272,C0453900,1.0
C0205272,C0023175,0.0
C0205272,C1272689,0.0
C0205272,C0332272,0.0
C0205272,C0332273,0.0
C0205272,C0439234,1.0
C0205272,C0004927,0.0
C0205272,C0086296,0.0
C0205272,C0871222,0.0
C0205272,C0021223,0.1
C0205272,C0162340,0.0
C0205272,C0849912,0.0
C0205272,C0039401,0.0
C0205272,C0080151,0.0
C0205272,C0007306,0.0
C0205272,C0205170,0.0
C0205272,C0033213,0.5
C0205272,C0683610,0.0
C0205272,C0233481,0.0
C0205272,C0332288,0.0
C0205272,C1080058,0.0
C0027342,C0679924,0.0
C0027342,C0205172,1.0
C0027342,C0004271,0.0
C0027342,C0018592,0.0
C0027342,C0441987,0.0
C0027342,C0439780,0.0
C0027342,C0547043,0.3333333333333333
C0027342,C0349590,0.0
C0027342,C0016248,0.0
C0027342,C1298908,0.0
C0027342,C0042950,1.0
C0027342,C0233535,0.0
C0027342,C0205314,0.0
C0027342,C0205225,0.0
C0027342,C0332159,1.0
C0027342,C0750482,0.0
C0027342,C0005595,0.0
C0027342,C0444868,0.0
C0027342,C0442824,0.5
C0027342,C0205103,1.0
C0027342,C0679062,0.0
C0027342,C0004916,0.0
C0027342,C0023185,0.0
C0027342,C0205091,0.0
C0027342,C0870814,0.0
C0027342,C0233426,0.0
C0027342,C0233642,0.0
C0027342,C0179196,0.0
C0027342,C0220843,1.0
C0027342,C0020114,0.0
C0027342,C0442519,0.0
C0027342,C0003507,1.0
C0027342,C0332183,1.0
C0027342,C0205392,0.0
C0027342,C0040223,0.5
C0027342,C0036375,0.0
C0027342,C0960273,0.0
C0027342,C0332148,0.0
C0027342,C0205159,0.0
C0027342,C1272695,0.0
C0027342,C0008114,0.0
C0027342,C0039409,0.0
C0027342,C0023133,0.0
C0027342,C0037683,0.0
C0027342,C0423552,0.0
C0027342,C0681495,0.5
C0027342,C0871743,0.0
C0027342,C0027361,0.0
C0027342,C0596545,0.0
C0027342,C0587117,0.0
C0027342,C0424318,0.0
C0027342,C0039869,1.0
C0027342,C0565931,0.0
C0027342,C0018767,0.0
C0027342,C0453900,0.0
C0027342,C0023175,0.0
C0027342,C1272689,0.0
C0027342,C0332272,0.5
C0027342,C0332273,0.0
C0027342,C0439234,0.0
C0027342,C0004927,1.0
C0027342,C0086296,0.0
C0027342,C0871222,1.0
C0027342,C0021223,0.1
C0027342,C0162340,0.0
C0027342,C0849912,0.5
C0027342,C0039401,0.0
C0027342,C0080151,0.0
C0027342,C0007306,0.0
C0027342,C0205170,0.0
C0027342,C0033213,0.0
C0027342,C0683610,1.0
C0027342,C0233481,0.0
C0027342,C0332288,0.0
C0027342,C1080058,0.0
C0679924,C0205172,0.0
C0679924,C0004271,0.0
C0679924,C0018592,0.0
C0679924,C0441987,0.0
C0679924,C0439780,0.0
C0679924,C0547043,0.0
C0679924,C0349590,1.0
C0679924,C0016248,0.0
C0679924,C1298908,0.0
C0679924,C0042950,0.0
C0679924,C0233535,0.0
C0679924,C0205314,0.0
C0679924,C0205225,0.0
C0679924,C0332159,0.0
C0679924,C0750482,0.0
C0679924,C0005595,0.0
C0679924,C0444868,0.0
C0679924,C0442824,0.0
C0679924,C0205103,0.0
C0679924,C0679062,0.0
C0679924,C0004916,0.0
C0679924,C0023185,0.0
C0679924,C0205091,0.0
C0679924,C0870814,1.0
C0679924,C0233426,0.0
C0679924,C0233642,0.0
C0679924,C0179196,0.0
C0679924,C0220843,0.0
C0679924,C0020114,1.0
C0679924,C0442519,0.0
C0679924,C0003507,0.0
C0679924,C0332183,0.0
C0679924,C0205392,1.0
C0679924,C0040223,0.0
C0679924,C0036375,0.0
C0679924,C0960273,0.0
C0679924,C0332148,0.0
C0679924,C0205159,0.0
C0679924,C1272695,0.0
C0679924,C0008114,0.0
C0679924,C0039409,0.0
C0679924,C0023133,0.0
C0679924,C0037683,0.0
C0679924,C0423552,0.0
C0679924,C0681495,0.0
C0679924,C0871743,0.0
C0679924,C0027361,0.0
C0679924,C0596545,0.0
C0679924,C0587117,0.0
C0679924,C0424318,0.0
C0679924,C0039869,0.0
C0679924,C0565931,0.0
C0679924,C0018767,1.0
C0679924,C0453900,0.0
C0679924,C0023175,1.0
C0679924,C1272689,0.0
C0679924,C0332272,0.0
C0679924,C0332273,0.0
C0679924,C0439234,0.0
C0679924,C0004927,0.0
C0679924,C0086296,0.0
C0679924,C0871222,0.0
C0679924,C0021223,0.0
C0679924,C0162340,0.0
C0679924,C0849912,0.0
C0679924,C0039401,0.0
C0679924,C0080151,0.3333333333333333
C0679924,C0007306,0.0
C0679924,C0205170,0.0
C0679924,C0033213,0.0
C0679924,C0683610,0.0
C0679924,C0233481,0.0
C0679924,C0332288,0.0
C0679924,C1080058,0.0
C0205172,C0004271,0.0
C0205172,C0018592,0.0
C0205172,C0441987,0.0
C0205172,C0439780,0.0
C0205172,C0547043,0.3333333333333333
C0205172,C0349590,0.0
C0205172,C0016248,0.0
C0205172,C1298908,0.0
C0205172,C0042950,1.0
C0205172,C0233535,0.0
C0205172,C0205314,0.0
C0205172,C0205225,0.0
C0205172,C0332159,1.0
C0205172,C0750482,0.0
C0205172,C0005595,0.0
C0205172,C0444868,0.0
C0205172,C0442824,0.5
C0205172,C0205103,1.0
C0205172,C0679062,0.0
C0205172,C0004916,0.0
C0205172,C0023185,0.0
C0205172,C0205091,0.0
C0205172,C0870814,0.0
C0205172,C0233426,0.0
C0205172,C0233642,0.0
C0205172,C0179196,0.0
C0205172,C0220843,1.0
C0205172,C0020114,0.0
C0205172,C0442519,0.0
C0205172,C0003507,1.0
C0205172,C0332183,1.0
C0205172,C0205392,0.0
C0205172,C0040223,0.5
C0205172,C0036375,0.0
C0205172,C0960273,0.0
C0205172,C0332148,0.0
C0205172,C0205159,0.0
C0205172,C1272695,0.0
C0205172,C0008114,0.0
C0205172,C0039409,0.0
C0205172,C0023133,0.0
C0205172,C0037683,0.0
C0205172,C0423552,0.0
C0205172,C0681495,0.5
C0205172,C0871743,0.0
C0205172,C0027361,0.0
C0205172,C0596545,0.0
C0205172,C0587117,0.0
C0205172,C0424318,0.0
C0205172,C0039869,1.0
C0205172,C0565931,0.0
C0205172,C0018767,0.0
C0205172,C0453900,0.0
C0205172,C0023175,0.0
C0205172,C1272689,0.0
C0205172,C0332272,0.5
C0205172,C0332273,0.0
C0205172,C0439234,0.0
C0205172,C0004927,1.0
C0205172,C0086296,0.0
C0205172,C0871222,1.0
C0205172,C0021223,0.1
C0205172,C0162340,0.0
C0205172,C0849912,0.5
C0205172,C0039401,0.0
C0205172,C0080151,0.0
C0205172,C0007306,0.0
C0205172,C0205170,0.0
C0205172,C0033213,0.0
C0205172,C0683610,1.0
C0205172,C0233481,0.0
C0205172,C0332288,0.0
C0205172,C1080058,0.0
C0004271,C0018592,0.0
C0004271,C0441987,0.0
C0004271,C0439780,0.0
C0004271,C0547043,0.3333333333333333
C0004271,C0349590,0.0
C0004271,C0016248,0.5
C0004271,C1298908,0.0
C0004271,C0042950,0.0
C0004271,C0233535,1.0
C0004271,C0205314,0.0
C0004271,C0205225,0.0
C0004271,C0332159,0.0
C0004271,C0750482,1.0
C0004271,C0005595,1.0
C0004271,C0444868,1.0
C0004271,C0442824,0.5
C0004271,C0205103,0.0
C0004271,C0679062,0.0
C0004271,C0004916,1.0
C0004271,C0023185,0.0
C0004271,C0205091,1.0
C0004271,C0870814,0.0
C0004271,C0233426,0.0
C0004271,C0233642,0.0
C0004271,C0179196,1.0
C0004271,C0220843,0.0
C0004271,C0020114,0.0
C0004271,C0442519,0.0
C0004271,C0003507,0.0
C0004271,C0332183,0.0
C0004271,C0205392,0.0
C0004271,C0040223,0.0
C0004271,C0036375,1.0
C0004271,C0960273,1.0
C0004271,C0332148,0.0
C0004271,C0205159,0.0
C0004271,C1272695,0.0
C0004271,C0008114,1.0
C0004271,C0039409,0.5
C0004271,C0023133,1.0
C0004271,C0037683,0.0
C0004271,C0423552,0.0
C0004271,C0681495,0.5
C0004271,C0871743,0.0
C0004271,C0027361,0.0
C0004271,C0596545,0.0
C0004271,C0587117,1.0
C0004271,C0424318,1.0
C0004271,C0039869,0.0
C0004271,C0565931,1.0
C0004271,C0018767,0.0
C0004271,C0453900,0.0
C0004271,C0023175,0.0
C0004271,C1272689,0.0
C0004271,C0332272,0.5
C0004271,C0332273,1.0
C0004271,C0439234,0.0
C0004271,C0004927,0.0
C0004271,C0086296,0.0
C0004271,C0871222,0.0
C0004271,C0021223,0.1
C0004271,C0162340,0.0
C0004271,C0849912,0.0
C0004271,C0039401,0.0
C0004271,C0080151,0.3333333333333333
C0004271,C0007306,0.0
C0004271,C0205170,0.0
C0004271,C0033213,0.0
C0004271,C0683610,0.0
C0004271,C0233481,0.5
C0004271,C0332288,0.0
C0004271,C1080058,0.0
C0018592,C0441987,1.0
C0018592,C0439780,0.0
C0018592,C0547043,0.0
C0018592,C0349590,0.0
C0018592,C0016248,0.0
C0018592,C1298908,0.5
C0018592,C0042950,0.0
C0018592,C0233535,0.0
C0018592,C0205314,0.0
C0018592,C0205225,0.0
C0018592,C0332159,0.0
C0018592,C0750482,0.0
C0018592,C0005595,0.0
C0018592,C0444868,0.0
C0018592,C0442824,0.0
C0018592,C0205103,0.0
C0018592,C0679062,1.0
C0018592,C0004916,0.0
C0018592,C0023185,1.0
C0018592,C0205091,0.0
C0018592,C0870814,0.0
C0018592,C0233426,0.0
C0018592,C0233642,0.0
C0018592,C0179196,0.0
C0018592,C0220843,0.0
C0018592,C0020114,0.0
C0018592,C0442519,0.0
C0018592,C0003507,0.0
C0018592,C0332183,0.0
C0018592,C0205392,0.0
C0018592,C0040223,0.5
C0018592,C0036375,0.0
C0018592,C0960273,0.0
C0018592,C0332148,0.0
C0018592,C0205159,0.0
C0018592,C1272695,0.0
C0018592,C0008114,0.0
C0018592,C0039409,0.0
C0018592,C0023133,0.0
C0018592,C0037683,0.0
C0018592,C0423552,0.0
C0018592,C0681495,0.0
C0018592,C0871743,1.0
C0018592,C0027361,1.0
C0018592,C0596545,0.0
C0018592,C0587117,0.0
C0018592,C0424318,0.0
C0018592,C0039869,0.0
C0018592,C0565931,0.0
C0018592,C0018767,0.0
C0018592,C0453900,0.0
C0018592,C0023175,0.0
C0018592,C1272689,0.0
C0018592,C0332272,0.0
C0018592,C0332273,0.0
C0018592,C0439234,0.0
C0018592,C0004927,0.0
C0018592,C0086296,0.5
C0018592,C0871222,0.0
C0018592,C0021223,0.0
C0018592,C0162340,1.0
C0018592,C0849912,0.5
C0018592,C0039401,0.0
C0018592,C0080151,0.0
C0018592,C0007306,1.0
C0018592,C0205170,1.0
C0018592,C0033213,0.0
C0018592,C0683610,0.0
C0018592,C0233481,0.0
C0018592,C0332288,0.0
C0018592,C1080058,0.0
C0441987,C0439780,0.0
C0441987,C0547043,0.0
C0441987,C0349590,0.0
C0441987,C0016248,0.0
C0441987,C1298908,0.5
C0441987,C0042950,0.0
C0441987,C0233535,0.0
C0441987,C0205314,0.0
C0441987,C0205225,0.0
C0441987,C0332159,0.0
C0441987,C0750482,0.0
C0441987,C0005595,0.0
C0441987,C0444868,0.0
C0441987,C0442824,0.0
C0441987,C0205103,0.0
C0441987,C0679062,1.0
C0441987,C0004916,0.0
C0441987,C0023185,1.0
C0441987,C0205091,0.0
C0441987,C0870814,0.0
C0441987,C0233426,0.0
C0441987,C0233642,0.0
C0441987,C0179196,0.0
C0441987,C0220843,0.0
C0441987,C0020114,0.0
C0441987,C0442519,0.0
C0441987,C0003507,0.0
C0441987,C0332183,0.0
C0441987,C0205392,0.0
C0441987,C0040223,0.5
C0441987,C0036375,0.0
C0441987,C0960273,0.0
C0441987,C0332148,0.0
C0441987,C0205159,0.0
C0441987,C1272695,0.0
C0441987,C0008114,0.0
C0441987,C0039409,0.0
C0441987,C0023133,0.0
C0441987,C0037683,0.0
C0441987,C0423552,0.0
C0441987,C0681495,0.0
C0441987,C0871743,1.0
C0441987,C0027361,1.0
C0441987,C0596545,0.0
C0441987,C0587117,0.0
C0441987,C0424318,0.0
C0441987,C0039869,0.0
C0441987,C0565931,0.0
C0441987,C0018767,0.0
C0441987,C0453900,0.0
C0441987,C0023175,0.0
C0441987,C1272689,0.0
C0441987,C0332272,0.0
C0441987,C0332273,0.0
C0441987,C0439234,0.0
C0441987,C0004927,0.0
C0441987,C0086296,0.5
C0441987,C0871222,0.0
C0441987,C0021223,0.0
C0441987,C0162340,1.0
C0441987,C0849912,0.5
C0441987,C0039401,0.0
C0441987,C0080151,0.0
C0441987,C0007306,1.0
C0441987,C0205170,1.0
C0441987,C0033213,0.0
C0441987,C0683610,0.0
C0441987,C0233481,0.0
C0441987,C0332288,0.0
C0441987,C1080058,0.0
C0439780,C0547043,0.3333333333333333
C0439780,C0349590,0.0
C0439780,C0016248,0.0
C0439780,C1298908,0.0
C0439780,C0042950,0.0
C0439780,C0233535,0.0
C0439780,C0205314,1.0
C0439780,C0205225,1.0
C0439780,C0332159,0.0
C0439780,C0750482,0.0
C0439780,C0005595,0.0
C0439780,C0444868,0.0
C0439780,C0442824,0.0
C0439780,C0205103,0.0
C0439780,C0679062,0.0
C0439780,C0004916,0.0
C0439780,C0023185,0.0
C0439780,C0205091,0.0
C0439780,C0870814,0.0
C0439780,C0233426,1.0
C0439780,C0233642,1.0
C0439780,C0179196,0.0
C0439780,C0220843,0.0
C0439780,C0020114,0.0
C0439780,C0442519,0.0
C0439780,C0003507,0.0
C0439780,C0332183,0.0
C0439780,C0205392,0.0
C0439780,C0040223,0.0
C0439780,C0036375,0.0
C0439780,C0960273,0.0
C0439780,C0332148,0.0
C0439780,C0205159,0.0
C0439780,C1272695,1.0
C0439780,C0008114,0.0
C0439780,C0039409,0.0
C0439780,C0023133,0.0
C0439780,C0037683,1.0
C0439780,C0423552,0.0
C0439780,C0681495,0.0
C0439780,C0871743,0.0
C0439780,C0027361,0.0
C0439780,C0596545,1.0
C0439780,C0587117,0.0
C0439780,C0424318,0.0
C0439780,C0039869,0.0
C0439780,C0565931,0.0
C0439780,C0018767,0.0
C0439780,C0453900,0.0
C0439780,C0023175,0.0
C0439780,C1272689,1.0
C0439780,C0332272,0.0
C0439780,C0332273,0.0
C0439780,C0439234,0.0
C0439780,C0004927,0.0
C0439780,C0086296,0.0
C0439780,C0871222,0.0
C0439780,C0021223,0.0
C0439780,C0162340,0.0
C0439780,C0849912,0.0
C0439780,C0039401,0.0
C0439780,C0080151,0.0
C0439780,C0007306,0.0
C0439780,C0205170,0.0
C0439780,C0033213,0.5
C0439780,C0683610,0.0
C0439780,C0233481,0.0
C0439780,C0332288,0.0
C0439780,C1080058,0.3333333333333333
C0547043,C0349590,0.0
C0547043,C0016248,0.5
C0547043,C1298908,0.0
C0547043,C0042950,1.0
C0547043,C0233535,1.0
C0547043,C0205314,1.0
C0547043,C0205225,1.0
C0547043,C0332159,1.0
C0547043,C0750482,1.0
C0547043,C0005595,1.0
C0547043,C0444868,1.0
C0547043,C0442824,1.0
C0547043,C0205103,1.0
C0547043,C0679062,0.0
C0547043,C0004916,1.0
C0547043,C0023185,0.0
C0547043,C0205091,1.0
C0547043,C0870814,0.0
C0547043,C0233426,1.0
C0547043,C0233642,1.0
C0547043,C0179196,1.0
C0547043,C0220843,1.0
C0547043,C0020114,0.0
C0547043,C0442519,0.0
C0547043,C0003507,1.0
C0547043,C0332183,1.0
C0547043,C0205392,0.0
C0547043,C0040223,0.5
C0547043,C0036375,1.0
C0547043,C0960273,1.0
C0547043,C0332148,0.0
C0547043,C0205159,0.0
C0547043,C1272695,1.0
C0547043,C0008114,1.0
C0547043,C0039409,0.5
C0547043,C0023133,1.0
C0547043,C0037683,1.0
C0547043,C0423552,0.0
C0547043,C0681495,1.0
C0547043,C0871743,0.0
C0547043,C0027361,0.0
C0547043,C0596545,1.0
C0547043,C0587117,1.0
C0547043,C0424318,1.0
C0547043,C0039869,1.0
C0547043,C0565931,1.0
C0547043,C0018767,0.0
C0547043,C0453900,0.0
C0547043,C0023175,0.0
C0547043,C1272689,1.0
C0547043,C0332272,1.0
C0547043,C0332273,1.0
C0547043,C0439234,0.0
C0547043,C0004927,1.0
C0547043,C0086296,0.0
C0547043,C0871222,1.0
C0547043,C0021223,0.2
C0547043,C0162340,0.0
C0547043,C0849912,0.5
C0547043,C0039401,0.0
C0547043,C0080151,0.3333333333333333
C0547043,C0007306,0.0
C0547043,C0205170,0.0
C0547043,C0033213,0.5
C0547043,C0683610,1.0
C0547043,C0233481,0.5
C0547043,C0332288,0.0
C0547043,C1080058,0.3333333333333333
C0349590,C0016248,0.0
C0349590,C1298908,0.0
C0349590,C0042950,0.0
C0349590,C0233535,0.0
C0349590,C0205314,0.0
C0349590,C0205225,0.0
C0349590,C0332159,0.0
C0349590,C0750482,0.0
C0349590,C0005595,0.0
C0349590,C0444868,0.0
C0349590,C0442824,0.0
C0349590,C0205103,0.0
C0349590,C0679062,0.0
C0349590,C0004916,0.0
C0349590,C0023185,0.0
C0349590,C0205091,0.0
C0349590,C0870814,1.0
C0349590,C0233426,0.0
C0349590,C0233642,0.0
C0349590,C0179196,0.0
C0349590,C0220843,0.0
C0349590,C0020114,1.0
C0349590,C0442519,0.0
C0349590,C0003507,0.0
C0349590,C0332183,0.0
C0349590,C0205392,1.0
C0349590,C0040223,0.0
C0349590,C0036375,0.0
C0349590,C0960273,0.0
C0349590,C0332148,0.0
C0349590,C0205159,0.0
C0349590,C1272695,0.0
C0349590,C0008114,0.0
C0349590,C0039409,0.0
C0349590,C0023133,0.0
C0349590,C0037683,0.0
C0349590,C0423552,0.0
C0349590,C0681495,0.0
C0349590,C0871743,0.0
C0349590,C0027361,0.0
C0349590,C0596545,0.0
C0349590,C0587117,0.0
C0349590,C0424318,0.0
C0349590,C0039869,0.0
C0349590,C0565931,0.0
C0349590,C0018767,1.0
C0349590,C0453900,0.0
C0349590,C0023175,1.0
C0349590,C1272689,0.0
C0349590,C0332272,0.0
C0349590,C0332273,0.0
C0349590,C0439234,0.0
C0349590,C0004927,0.0
C0349590,C0086296,0.0
C0349590,C0871222,0.0
C0349590,C0021223,0.0
C0349590,C0162340,0.0
C0349590,C0849912,0.0
C0349590,C0039401,0.0
C0349590,C0080151,0.3333333333333333
C0349590,C0007306,0.0
C0349590,C0205170,0.0
C0349590,C0033213,0.0
C0349590,C0683610,0.0
C0349590,C0233481,0.0
C0349590,C0332288,0.0
C0349590,C1080058,0.0
C0016248,C1298908,0.0
C0016248,C0042950,0.0
C0016248,C0233535,1.0
C0016248,C0205314,0.0
C0016248,C0205225,0.0
C0016248,C0332159,0.0
C0016248,C0750482,1.0
C0016248,C0005595,1.0
C0016248,C0444868,1.0
C0016248,C0442824,0.5
C0016248,C0205103,0.0
C0016248,C0679062,0.0
C0016248,C0004916,1.0
C0016248,C0023185,0.0
C0016248,C0205091,1.0
C0016248,C0870814,0.0
C0016248,C0233426,0.0
C0016248,C0233642,0.0
C0016248,C0179196,1.0
C0016248,C0220843,0.0
C0016248,C0020114,0.0
C0016248,C0442519,0.0
C0016248,C0003507,0.0
C0016248,C0332183,0.0
C0016248,C0205392,0.0
C0016248,C0040223,0.0
C0016248,C0036375,1.0
C0016248,C0960273,1.0
C0016248,C0332148,0.0
C0016248,C0205159,0.0
C0016248,C1272695,0.0
C0016248,C0008114,1.0
C0016248,C0039409,0.5
C0016248,C0023133,1.0
C0016248,C0037683,0.0
C0016248,C0423552,0.0
C0016248,C0681495,0.5
C0016248,C0871743,0.0
C0016248,C0027361,0.0
C0016248,C0596545,0.0
C0016248,C0587117,1.0
C0016248,C0424318,1.0
C0016248,C0039869,0.0
C0016248,C0565931,1.0
C0016248,C0018767,0.0
C0016248,C0453900,0.0
C0016248,C0023175,0.0
C0016248,C1272689,0.0
C0016248,C0332272,0.5
C0016248,C0332273,1.0
C0016248,C0439234,0.0
C0016248,C0004927,0.0
C0016248,C0086296,0.0
C0016248,C0871222,0.0
C0016248,C0021223,0.1
C0016248,C0162340,0.0
C0016248,C0849912,0.0
C0016248,C0039401,0.0
C0016248,C0080151,0.3333333333333333
C0016248,C0007306,0.0
C0016248,C0205170,0.0
C0016248,C0033213,0.0
C0016248,C0683610,0.0
C0016248,C0233481,0.5
C0016248,C0332288,0.0
C0016248,C1080058,0.0
C1298908,C0042950,0.0
C1298908,C0233535,0.0
C1298908,C0205314,0.0
C1298908,C0205225,0.0
C1298908,C0332159,0.0
C1298908,C0750482,0.0
C1298908,C0005595,0.0
C1298908,C0444868,0.0
C1298908,C0442824,0.0
C1298908,C0205103,0.0
C1298908,C0679062,1.0
C1298908,C0004916,0.0
C1298908,C0023185,1.0
C1298908,C0205091,0.0
C1298908,C0870814,0.0
C1298908,C0233426,0.0
C1298908,C0233642,0.0
C1298908,C0179196,0.0
C1298908,C0220843,0.0
C1298908,C0020114,0.0
C1298908,C0442519,0.0
C1298908,C0003507,0.0
C1298908,C0332183,0.0
C1298908,C0205392,0.0
C1298908,C0040223,0.5
C1298908,C0036375,0.0
C1298908,C0960273,0.0
C1298908,C0332148,1.0
C1298908,C0205159,0.0
C1298908,C1272695,0.0
C1298908,C0008114,0.0
C1298908,C0039409,0.0
C1298908,C0023133,0.0
C1298908,C0037683,0.0
C1298908,C0423552,0.0
C1298908,C0681495,0.0
C1298908,C0871743,1.0
C1298908,C0027361,1.0
C1298908,C0596545,0.0
C1298908,C0587117,0.0
C1298908,C0424318,0.0
C1298908,C0039869,0.0
C1298908,C0565931,0.0
C1298908,C0018767,0.0
C1298908,C0453900,0.0
C1298908,C0023175,0.0
C1298908,C1272689,0.0
C1298908,C0332272,0.0
C1298908,C0332273,0.0
C1298908,C0439234,0.0
C1298908,C0004927,0.0
C1298908,C0086296,0.5
C1298908,C0871222,0.0
C1298908,C0021223,0.1
C1298908,C0162340,1.0
C1298908,C0849912,0.5
C1298908,C0039401,1.0
C1298908,C0080151,0.0
C1298908,C0007306,1.0
C1298908,C0205170,1.0
C1298908,C0033213,0.0
C1298908,C0683610,0.0
C1298908,C0233481,0.0
C1298908,C0332288,0.0
C1298908,C1080058,0.0
C0042950,C0233535,0.0
C0042950,C0205314,0.0
C0042950,C0205225,0.0
C0042950,C0332159,1.0
C0042950,C0750482,0.0
C0042950,C0005595,0.0
C0042950,C0444868,0.0
C0042950,C0442824,0.5
C0042950,C0205103,1.0
C0042950,C0679062,0.0
C0042950,C0004916,0.0
C0042950,C0023185,0.0
C0042950,C0205091,0.0
C0042950,C0870814,0.0
C0042950,C0233426,0.0
C0042950,C0233642,0.0
C0042950,C0179196,0.0
C0042950,C0220843,1.0
C0042950,C0020114,0.0
C0042950,C0442519,0.0
C0042950,C0003507,1.0
C0042950,C0332183,1.0
C0042950,C0205392,0.0
C0042950,C0040223,0.5
C0042950,C0036375,0.0
C0042950,C0960273,0.0
C0042950,C0332148,0.0
C0042950,C0205159,0.0
C0042950,C1272695,0.0
C0042950,C0008114,0.0
C0042950,C0039409,0.0
C0042950,C0023133,0.0
C0042950,C0037683,0.0
C0042950,C0423552,0.0
C0042950,C0681495,0.5
C0042950,C0871743,0.0
C0042950,C0027361,0.0
C0042950,C0596545,0.0
C0042950,C0587117,0.0
C0042950,C0424318,0.0
C0042950,C0039869,1.0
C0042950,C0565931,0.0
C0042950,C0018767,0.0
C0042950,C0453900,0.0
C0042950,C0023175,0.0
C0042950,C1272689,0.0
C0042950,C0332272,0.5
C0042950,C0332273,0.0
C0042950,C0439234,0.0
C0042950,C0004927,1.0
C0042950,C0086296,0.0
C0042950,C0871222,1.0
C0042950,C0021223,0.1
C0042950,C0162340,0.0
C0042950,C0849912,0.5
C0042950,C0039401,0.0
C0042950,C0080151,0.0
C0042950,C0007306,0.0
C0042950,C0205170,0.0
C0042950,C0033213,0.0
C0042950,C0683610,1.0
C0042950,C0233481,0.0
C0042950,C0332288,0.0
C0042950,C1080058,0.0
C0233535,C0205314,0.0
C0233535,C0205225,0.0
C0233535,C0332159,0.0
C0233535,C0750482,1.0
C0233535,C0005595,1.0
C0233535,C0444868,1.0
C0233535,C0442824,0.5
C0233535,C0205103,0.0
C0233535,C0679062,0.0
C0233535,C0004916,1.0
C0233535,C0023185,0.0
C0233535,C0205091,1.0
C0233535,C0870814,0.0
C0233535,C0233426,0.0
C0233535,C0233642,0.0
C0233535,C0179196,1.0
C0233535,C0220843,0.0
C0233535,C0020114,0.0
C0233535,C0442519,0.0
C0233535,C0003507,0.0
C0233535,C0332183,0.0
C0233535,C0205392,0.0
C0233535,C0040223,0.0
C0233535,C0036375,1.0
C0233535,C0960273,1.0
C0233535,C0332148,0.0
C0233535,C0205159,0.0
C0233535,C1272695,0.0
C0233535,C0008114,1.0
C0233535,C0039409,0.5
C0233535,C0023133,1.0
C0233535,C0037683,0.0
C0233535,C0423552,0.0
C0233535,C0681495,0.5
C0233535,C0871743,0.0
C0233535,C0027361,0.0
C0233535,C0596545,0.0
C0233535,C0587117,1.0
C0233535,C0424318,1.0
C0233535,C0039869,0.0
C0233535,C0565931,1.0
C0233535,C0018767,0.0
C0233535,C0453900,0.0
C0233535,C0023175,0.0
C0233535,C1272689,0.0
C0233535,C0332272,0.5
C0233535,C0332273,1.0
C0233535,C0439234,0.0
C0233535,C0004927,0.0
C0233535,C0086296,0.0
C0233535,C0871222,0.0
C0233535,C0021223,0.1
C0233535,C0162340,0.0
C0233535,C0849912,0.0
C0233535,C0039401,0.0
C0233535,C0080151,0.3333333333333333
C0233535,C0007306,0.0
C0233535,C0205170,0.0
C0233535,C0033213,0.0
C0233535,C0683610,0.0
C0233535,C0233481,0.5
C0233535,C0332288,0.0
C0233535,C1080058,0.0
C0205314,C0205225,1.0
C0205314,C0332159,0.0
C0205314,C0750482,0.0
C0205314,C0005595,0.0
C0205314,C0444868,0.0
C0205314,C0442824,0.0
C0205314,C0205103,0.0
C0205314,C0679062,0.0
C0205314,C0004916,0.0
C0205314,C0023185,0.0
C0205314,C0205091,0.0
C0205314,C0870814,0.0
C0205314,C0233426,1.0
C0205314,C0233642,1.0
C0205314,C0179196,0.0
C0205314,C0220843,0.0
C0205314,C0020114,0.0
C0205314,C0442519,0.0
C0205314,C0003507,0.0
C0205314,C0332183,0.0
C0205314,C0205392,0.0
C0205314,C0040223,0.0
C0205314,C0036375,0.0
C0205314,C0960273,0.0
C0205314,C0332148,0.0
C0205314,C0205159,0.0
C0205314,C1272695,1.0
C0205314,C0008114,0.0
C0205314,C0039409,0.0
C0205314,C0023133,0.0
C0205314,C0037683,1.0
C0205314,C0423552,0.0
C0205314,C0681495,0.0
C0205314,C0871743,0.0
C0205314,C0027361,0.0
C0205314,C0596545,1.0
C0205314,C0587117,0.0
C0205314,C0424318,0.0
C0205314,C0039869,0.0
C0205314,C0565931,0.0
C0205314,C0018767,0.0
C0205314,C0453900,0.0
C0205314,C0023175,0.0
C0205314,C1272689,1.0
C0205314,C0332272,0.0
C0205314,C0332273,0.0
C0205314,C0439234,0.0
C0205314,C0004927,0.0
C0205314,C0086296,0.0
C0205314,C0871222,0.0
C0205314,C0021223,0.0
C0205314,C0162340,0.0
C0205314,C0849912,0.0
C0205314,C0039401,0.0
C0205314,C0080151,0.0
C0205314,C0007306,0.0
C0205314,C0205170,0.0
C0205314,C0033213,0.5
C0205314,C0683610,0.0
C0205314,C0233481,0.0
C0205314,C0332288,0.0
C0205314,C1080058,0.3333333333333333
C0205225,C0332159,0.0
C0205225,C0750482,0.0
C0205225,C0005595,0.0
C0205225,C0444868,0.0
C0205225,C0442824,0.0
C0205225,C0205103,0.0
C0205225,C0679062,0.0
C0205225,C0004916,0.0
C0205225,C0023185,0.0
C0205225,C0205091,0.0
C0205225,C0870814,0.0
C0205225,C0233426,1.0
C0205225,C0233642,1.0
C0205225,C0179196,0.0
C0205225,C0220843,0.0
C0205225,C0020114,0.0
C0205225,C0442519,0.0
C0205225,C0003507,0.0
C0205225,C0332183,0.0
C0205225,C0205392,0.0
C0205225,C0040223,0.0
C0205225,C0036375,0.0
C0205225,C0960273,0.0
C0205225,C0332148,0.0
C0205225,C0205159,0.0
C0205225,C1272695,1.0
C0205225,C0008114,0.0
C0205225,C0039409,0.0
C0205225,C0023133,0.0
C0205225,C0037683,1.0
C0205225,C0423552,0.0
C0205225,C0681495,0.0
C0205225,C0871743,0.0
C0205225,C0027361,0.0
C0205225,C0596545,1.0
C0205225,C0587117,0.0
C0205225,C0424318,0.0
C0205225,C0039869,0.0
C0205225,C0565931,0.0
C0205225,C0018767,0.0
C0205225,C0453900,0.0
C0205225,C0023175,0.0
C0205225,C1272689,1.0
C0205225,C0332272,0.0
C0205225,C0332273,0.0
C0205225,C0439234,0.0
C0205225,C0004927,0.0
C0205225,C0086296,0.0
C0205225,C0871222,0.0
C0205225,C0021223,0.0
C0205225,C0162340,0.0
C0205225,C0849912,0.0
C0205225,C0039401,0.0
C0205225,C0080151,0.0
C0205225,C0007306,0.0
C0205225,C0205170,0.0
C0205225,C0033213,0.5
C0205225,C0683610,0.0
C0205225,C0233481,0.0
C0205225,C0332288,0.0
C0205225,C1080058,0.3333333333333333
C0332159,C0750482,0.0
C0332159,C0005595,0.0
C0332159,C0444868,0.0
C0332159,C0442824,0.5
C0332159,C0205103,1.0
C0332159,C0679062,0.0
C0332159,C0004916,0.0
C0332159,C0023185,0.0
C0332159,C0205091,0.0
C0332159,C0870814,0.0
C0332159,C0233426,0.0
C0332159,C0233642,0.0
C0332159,C0179196,0.0
C0332159,C0220843,1.0
C0332159,C0020114,0.0
C0332159,C0442519,0.0
C0332159,C0003507,1.0
C0332159,C0332183,1.0
C0332159,C0205392,0.0
C0332159,C0040223,0.5
C0332159,C0036375,0.0
C0332159,C0960273,0.0
C0332159,C0332148,0.0
C0332159,C0205159,0.0
C0332159,C1272695,0.0
C0332159,C0008114,0.0
C0332159,C0039409,0.0
C0332159,C0023133,0.0
C0332159,C0037683,0.0
C0332159,C0423552,0.0
C0332159,C0681495,0.5
C0332159,C0871743,0.0
C0332159,C0027361,0.0
C0332159,C0596545,0.0
C0332159,C0587117,0.0
C0332159,C0424318,0.0
C0332159,C0039869,1.0
C0332159,C0565931,0.0
C0332159,C0018767,0.0
C0332159,C0453900,0.0
C0332159,C0023175,0.0
C0332159,C1272689,0.0
C0332159,C0332272,0.5
C0332159,C0332273,0.0
C0332159,C0439234,0.0
C0332159,C0004927,1.0
C0332159,C0086296,0.0
C0332159,C0871222,1.0
C0332159,C0021223,0.1
C0332159,C0162340,0.0
C0332159,C0849912,0.5
C0332159,C0039401,0.0
C0332159,C0080151,0.0
C0332159,C0007306,0.0
C0332159,C0205170,0.0
C0332159,C0033213,0.0
C0332159,C0683610,1.0
C0332159,C0233481,0.0
C0332159,C0332288,0.0
C0332159,C1080058,0.0
C0750482,C0005595,1.0
C0750482,C0444868,1.0
C0750482,C0442824,0.5
C0750482,C0205103,0.0
C0750482,C0679062,0.0
C0750482,C0004916,1.0
C0750482,C0023185,0.0
C0750482,C0205091,1.0
C0750482,C0870814,0.0
C0750482,C0233426,0.0
C0750482,C0233642,0.0
C0750482,C0179196,1.0
C0750482,C0220843,0.0
C0750482,C0020114,0.0
C0750482,C0442519,0.0
C0750482,C0003507,0.0
C0750482,C0332183,0.0
C0750482,C0205392,0.0
C0750482,C0040223,0.0
C0750482,C0036375,1.0
C0750482,C0960273,1.0
C0750482,C0332148,0.0
C0750482,C0205159,0.0
C0750482,C1272695,0.0
C0750482,C0008114,1.0
C0750482,C0039409,0.5
C0750482,C0023133,1.0
C0750482,C0037683,0.0
C0750482,C0423552,0.0
C0750482,C0681495,0.5
C0750482,C0871743,0.0
C0750482,C0027361,0.0
C0750482,C0596545,0.0
C0750482,C0587117,1.0
C0750482,C0424318,1.0
C0750482,C0039869,0.0
C0750482,C0565931,1.0
C0750482,C0018767,0.0
C0750482,C0453900,0.0
C0750482,C0023175,0.0
C0750482,C1272689,0.0
C0750482,C0332272,0.5
C0750482,C0332273,1.0
C0750482,C0439234,0.0
C0750482,C0004927,0.0
C0750482,C0086296,0.0
C0750482,C0871222,0.0
C0750482,C0021223,0.1
C0750482,C0162340,0.0
C0750482,C0849912,0.0
C0750482,C0039401,0.0
C0750482,C0080151,0.3333333333333333
C0750482,C0007306,0.0
C0750482,C0205170,0.0
C0750482,C0033213,0.0
C0750482,C0683610,0.0
C0750482,C0233481,0.5
C0750482,C0332288,0.0
C0750482,C1080058,0.0
C0005595,C0444868,1.0
C0005595,C0442824,0.5
C0005595,C0205103,0.0
C0005595,C0679062,0.0
C0005595,C0004916,1.0
C0005595,C0023185,0.0
C0005595,C0205091,1.0
C0005595,C0870814,0.0
C0005595,C0233426,0.0
C0005595,C0233642,0.0
C0005595,C0179196,1.0
C0005595,C0220843,0.0
C0005595,C0020114,0.0
C0005595,C0442519,0.0
C0005595,C0003507,0.0
C0005595,C0332183,0.0
C0005595,C0205392,0.0
C0005595,C0040223,0.0
C0005595,C0036375,1.0
C0005595,C0960273,1.0
C0005595,C0332148,0.0
C0005595,C0205159,0.0
C0005595,C1272695,0.0
C0005595,C0008114,1.0
C0005595,C0039409,0.5
C0005595,C0023133,1.0
C0005595,C0037683,0.0
C0005595,C0423552,0.0
C0005595,C0681495,0.5
C0005595,C0871743,0.0
C0005595,C0027361,0.0
C0005595,C0596545,0.0
C0005595,C0587117,1.0
C0005595,C0424318,1.0
C0005595,C0039869,0.0
C0005595,C0565931,1.0
C0005595,C0018767,0.0
C0005595,C0453900,0.0
C0005595,C0023175,0.0
C0005595,C1272689,0.0
C0005595,C0332272,0.5
C0005595,C0332273,1.0
C0005595,C0439234,0.0
C0005595,C0004927,0.0
C0005595,C0086296,0.0
C0005595,C0871222,0.0
C0005595,C0021223,0.1
C0005595,C0162340,0.0
C0005595,C0849912,0.0
C0005595,C0039401,0.0
C0005595,C0080151,0.3333333333333333
C0005595,C0007306,0.0
C0005595,C0205170,0.0
C0005595,C0033213,0.0
C0005595,C0683610,0.0
C0005595,C0233481,0.5
C0005595,C0332288,0.0
C0005595,C1080058,0.0
C0444868,C0442824,0.5
C0444868,C0205103,0.0
C0444868,C0679062,0.0
C0444868,C0004916,1.0
C0444868,C0023185,0.0
C0444868,C0205091,1.0
C0444868,C0870814,0.0
C0444868,C0233426,0.0
C0444868,C0233642,0.0
C0444868,C0179196,1.0
C0444868,C0220843,0.0
C0444868,C0020114,0.0
C0444868,C0442519,0.0
C0444868,C0003507,0.0
C0444868,C0332183,0.0
C0444868,C0205392,0.0
C0444868,C0040223,0.0
C0444868,C0036375,1.0
C0444868,C0960273,1.0
C0444868,C0332148,0.0
C0444868,C0205159,0.0
C0444868,C1272695,0.0
C0444868,C0008114,1.0
C0444868,C0039409,0.5
C0444868,C0023133,1.0
C0444868,C0037683,0.0
C0444868,C0423552,0.0
C0444868,C0681495,0.5
C0444868,C0871743,0.0
C0444868,C0027361,0.0
C0444868,C0596545,0.0
C0444868,C0587117,1.0
C0444868,C0424318,1.0
C0444868,C0039869,0.0
C0444868,C0565931,1.0
C0444868,C0018767,0.0
C0444868,C0453900,0.0
C0444868,C0023175,0.0
C0444868,C1272689,0.0
C0444868,C0332272,0.5
C0444868,C0332273,1.0
C0444868,C0439234,0.0
C0444868,C0004927,0.0
C0444868,C0086296,0.0
C0444868,C0871222,0.0
C0444868,C0021223,0.1
C0444868,C0162340,0.0
C0444868,C0849912,0.0
C0444868,C0039401,0.0
C0444868,C0080151,0.3333333333333333
C0444868,C0007306,0.0
C0444868,C0205170,0.0
C0444868,C0033213,0.0
C0444868,C0683610,0.0
C0444868,C0233481,0.5
C0444868,C0332288,0.0
C0444868,C1080058,0.0
C0442824,C0205103,1.0
C0442824,C0679062,0.0
C0442824,C0004916,1.0
C0442824,C0023185,0.0
C0442824,C0205091,1.0
C0442824,C0870814,0.0
C0442824,C0233426,0.0
C0442824,C0233642,0.0
C0442824,C0179196,1.0
C0442824,C0220843,1.0
C0442824,C0020114,0.0
C0442824,C0442519,0.0
C0442824,C0003507,1.0
C0442824,C0332183,1.0
C0442824,C0205392,0.0
C0442824,C0040223,0.5
C0442824,C0036375,1.0
C0442824,C0960273,1.0
C0442824,C0332148,0.0
C0442824,C0205159,0.0
C0442824,C1272695,0.0
C0442824,C0008114,1.0
C0442824,C0039409,0.5
C0442824,C0023133,1.0
C0442824,C0037683,0.0
C0442824,C0423552,0.0
C0442824,C0681495,1.0
C0442824,C0871743,0.0
C0442824,C0027361,0.0
C0442824,C0596545,0.0
C0442824,C0587117,1.0
C0442824,C0424318,1.0
C0442824,C0039869,1.0
C0442824,C0565931,1.0
C0442824,C0018767,0.0
C0442824,C0453900,0.0
C0442824,C0023175,0.0
C0442824,C1272689,0.0
C0442824,C0332272,1.0
C0442824,C0332273,1.0
C0442824,C0439234,0.0
C0442824,C0004927,1.0
C0442824,C0086296,0.0
C0442824,C0871222,1.0
C0442824,C0021223,0.2
C0442824,C0162340,0.0
C0442824,C0849912,0.5
C0442824,C0039401,0.0
C0442824,C0080151,0.3333333333333333
C0442824,C0007306,0.0
C0442824,C0205170,0.0
C0442824,C0033213,0.0
C0442824,C0683610,1.0
C0442824,C0233481,0.5
C0442824,C0332288,0.0
C0442824,C1080058,0.0
C0205103,C0679062,0.0
C0205103,C0004916,0.0
C0205103,C0023185,0.0
C0205103,C0205091,0.0
C0205103,C0870814,0.0
C0205103,C0233426,0.0
C0205103,C0233642,0.0
C0205103,C0179196,0.0
C0205103,C0220843,1.0
C0205103,C0020114,0.0
C0205103,C0442519,0.0
C0205103,C0003507,1.0
C0205103,C0332183,1.0
C0205103,C0205392,0.0
C0205103,C0040223,0.5
C0205103,C0036375,0.0
C0205103,C0960273,0.0
C0205103,C0332148,0.0
C0205103,C0205159,0.0
C0205103,C1272695,0.0
C0205103,C0008114,0.0
C0205103,C0039409,0.0
C0205103,C0023133,0.0
C0205103,C0037683,0.0
C0205103,C0423552,0.0
C0205103,C0681495,0.5
C0205103,C0871743,0.0
C0205103,C0027361,0.0
C0205103,C0596545,0.0
C0205103,C0587117,0.0
C0205103,C0424318,0.0
C0205103,C0039869,1.0
C0205103,C0565931,0.0
C0205103,C0018767,0.0
C0205103,C0453900,0.0
C0205103,C0023175,0.0
C0205103,C1272689,0.0
C0205103,C0332272,0.5
C0205103,C0332273,0.0
C0205103,C0439234,0.0
C0205103,C0004927,1.0
C0205103,C0086296,0.0
C0205103,C0871222,1.0
C0205103,C0021223,0.1
C0205103,C0162340,0.0
C0205103,C0849912,0.5
C0205103,C0039401,0.0
C0205103,C0080151,0.0
C0205103,C0007306,0.0
C0205103,C0205170,0.0
C0205103,C0033213,0.0
C0205103,C0683610,1.0
C0205103,C0233481,0.0
C0205103,C0332288,0.0
C0205103,C1080058,0.0
C0679062,C0004916,0.0
C0679062,C0023185,1.0
C0679062,C0205091,0.0
C0679062,C0870814,0.0
C0679062,C0233426,0.0
C0679062,C0233642,0.0
C0679062,C0179196,0.0
C0679062,C0220843,0.0
C0679062,C0020114,0.0
C0679062,C0442519,0.0
C0679062,C0003507,0.0
C0679062,C0332183,0.0
C0679062,C0205392,0.0
C0679062,C0040223,0.5
C0679062,C0036375,0.0
C0679062,C0960273,0.0
C0679062,C0332148,0.0
C0679062,C0205159,0.0
C0679062,C1272695,0.0
C0679062,C0008114,0.0
C0679062,C0039409,0.0
C0679062,C0023133,0.0
C0679062,C0037683,0.0
C0679062,C0423552,0.0
C0679062,C0681495,0.0
C0679062,C0871743,1.0
C0679062,C0027361,1.0
C0679062,C0596545,0.0
C0679062,C0587117,0.0
C0679062,C0424318,0.0
C0679062,C0039869,0.0
C0679062,C0565931,0.0
C0679062,C0018767,0.0
C0679062,C0453900,0.0
C0679062,C0023175,0.0
C0679062,C1272689,0.0
C0679062,C0332272,0.0
C0679062,C0332273,0.0
C0679062,C0439234,0.0
C0679062,C0004927,0.0
C0679062,C0086296,0.5
C0679062,C0871222,0.0
C0679062,C0021223,0.0
C0679062,C0162340,1.0
C0679062,C0849912,0.5
C0679062,C0039401,0.0
C0679062,C0080151,0.0
C0679062,C0007306,1.0
C0679062,C0205170,1.0
C0679062,C0033213,0.0
C0679062,C0683610,0.0
C0679062,C0233481,0.0
C0679062,C0332288,0.0
C0679062,C1080058,0.0
C0004916,C0023185,0.0
C0004916,C0205091,1.0
C0004916,C0870814,0.0
C0004916,C0233426,0.0
C0004916,C0233642,0.0
C0004916,C0179196,1.0
C0004916,C0220843,0.0
C0004916,C0020114,0.0
C0004916,C0442519,0.0
C0004916,C0003507,0.0
C0004916,C0332183,0.0
C0004916,C0205392,0.0
C0004916,C0040223,0.0
C0004916,C0036375,1.0
C0004916,C0960273,1.0
C0004916,C0332148,0.0
C0004916,C0205159,0.0
C0004916,C1272695,0.0
C0004916,C0008114,1.0
C0004916,C0039409,0.5
C0004916,C0023133,1.0
C0004916,C0037683,0.0
C0004916,C0423552,0.0
C0004916,C0681495,0.5
C0004916,C0871743,0.0
C0004916,C0027361,0.0
C0004916,C0596545,0.0
C0004916,C0587117,1.0
C0004916,C0424318,1.0
C0004916,C0039869,0.0
C0004916,C0565931,1.0
C0004916,C0018767,0.0
C0004916,C0453900,0.0
C0004916,C0023175,0.0
C0004916,C1272689,0.0
C0004916,C0332272,0.5
C0004916,C0332273,1.0
C0004916,C0439234,0.0
C0004916,C0004927,0.0
C0004916,C0086296,0.0
C0004916,C0871222,0.0
C0004916,C0021223,0.1
C0004916,C0162340,0.0
C0004916,C0849912,0.0
C0004916,C0039401,0.0
C0004916,C0080151,0.3333333333333333
C0004916,C0007306,0.0
C0004916,C0205170,0.0
C0004916,C0033213,0.0
C0004916,C0683610,0.0
C0004916,C0233481,0.5
C0004916,C0332288,0.0
C0004916,C1080058,0.0
C0023185,C0205091,0.0
C0023185,C0870814,0.0
C0023185,C0233426,0.0
C0023185,C0233642,0.0
C0023185,C0179196,0.0
C0023185,C0220843,0.0
C0023185,C0020114,0.0
C0023185,C0442519,0.0
C0023185,C0003507,0.0
C0023185,C0332183,0.0
C0023185,C0205392,0.0
C0023185,C0040223,0.5
C0023185,C0036375,0.0
C0023185,C0960273,0.0
C0023185,C0332148,0.0
C0023185,C0205159,0.0
C0023185,C1272695,0.0
C0023185,C0008114,0.0
C0023185,C0039409,0.0
C0023185,C0023133,0.0
C0023185,C0037683,0.0
C0023185,C0423552,0.0
C0023185,C0681495,0.0
C0023185,C0871743,1.0
C0023185,C0027361,1.0
C0023185,C0596545,0.0
C0023185,C0587117,0.0
C0023185,C0424318,0.0
C0023185,C0039869,0.0
C0023185,C0565931,0.0
C0023185,C0018767,0.0
C0023185,C0453900,0.0
C0023185,C0023175,0.0
C0023185,C1272689,0.0
C0023185,C0332272,0.0
C0023185,C0332273,0.0
C0023185,C0439234,0.0
C0023185,C0004927,0.0
C0023185,C0086296,0.5
C0023185,C0871222,0.0
C0023185,C0021223,0.0
C0023185,C0162340,1.0
C0023185,C0849912,0.5
C0023185,C0039401,0.0
C0023185,C0080151,0.0
C0023185,C0007306,1.0
C0023185,C0205170,1.0
C0023185,C0033213,0.0
C0023185,C0683610,0.0
C0023185,C0233481,0.0
C0023185,C0332288,0.0
C0023185,C1080058,0.0
C0205091,C0870814,0.0
C0205091,C0233426,0.0
C0205091,C0233642,0.0
C0205091,C0179196,1.0
C0205091,C0220843,0.0
C0205091,C0020114,0.0
C0205091,C0442519,0.0
C0205091,C0003507,0.0
C0205091,C0332183,0.0
C0205091,C0205392,0.0
C0205091,C0040223,0.0
C0205091,C0036375,1.0
C0205091,C0960273,1.0
C0205091,C0332148,0.0
C0205091,C0205159,0.0
C0205091,C1272695,0.0
C0205091,C0008114,1.0
C0205091,C0039409,0.5
C0205091,C0023133,1.0
C0205091,C0037683,0.0
C0205091,C0423552,0.0
C0205091,C0681495,0.5
C0205091,C0871743,0.0
C0205091,C0027361,0.0
C0205091,C0596545,0.0
C0205091,C0587117,1.0
C0205091,C0424318,1.0
C0205091,C0039869,0.0
C0205091,C0565931,1.0
C0205091,C0018767,0.0
C0205091,C0453900,0.0
C0205091,C0023175,0.0
C0205091,C1272689,0.0
C0205091,C0332272,0.5
C0205091,C0332273,1.0
C0205091,C0439234,0.0
C0205091,C0004927,0.0
C0205091,C0086296,0.0
C0205091,C0871222,0.0
C0205091,C0021223,0.1
C0205091,C0162340,0.0
C0205091,C0849912,0.0
C0205091,C0039401,0.0
C0205091,C0080151,0.3333333333333333
C0205091,C0007306,0.0
C0205091,C0205170,0.0
C0205091,C0033213,0.0
C0205091,C0683610,0.0
C0205091,C0233481,0.5
C0205091,C0332288,0.0
C0205091,C1080058,0.0
C0870814,C0233426,0.0
C0870814,C0233642,0.0
C0870814,C0179196,0.0
C0870814,C0220843,0.0
C0870814,C0020114,1.0
C0870814,C0442519,0.0
C0870814,C0003507,0.0
C0870814,C0332183,0.0
C0870814,C0205392,1.0
C0870814,C0040223,0.0
C0870814,C0036375,0.0
C0870814,C0960273,0.0
C0870814,C0332148,0.0
C0870814,C0205159,0.0
C0870814,C1272695,0.0
C0870814,C0008114,0.0
C0870814,C0039409,0.0
C0870814,C0023133,0.0
C0870814,C0037683,0.0
C0870814,C0423552,0.0
C0870814,C0681495,0.0
C0870814,C0871743,0.0
C0870814,C0027361,0.0
C0870814,C0596545,0.0
C0870814,C0587117,0.0
C0870814,C0424318,0.0
C0870814,C0039869,0.0
C0870814,C0565931,0.0
C0870814,C0018767,1.0
C0870814,C0453900,0.0
C0870814,C0023175,1.0
C0870814,C1272689,0.0
C0870814,C0332272,0.0
C0870814,C0332273,0.0
C0870814,C0439234,0.0
C0870814,C0004927,0.0
C0870814,C0086296,0.0
C0870814,C0871222,0.0
C0870814,C0021223,0.0
C0870814,C0162340,0.0
C0870814,C0849912,0.0
C0870814,C0039401,0.0
C0870814,C0080151,0.3333333333333333
C0870814,C0007306,0.0
C0870814,C0205170,0.0
C0870814,C0033213,0.0
C0870814,C0683610,0.0
C0870814,C0233481,0.0
C0870814,C0332288,0.0
C0870814,C1080058,0.0
C0233426,C0233642,1.0
C0233426,C0179196,0.0
C0233426,C0220843,0.0
C0233426,C0020114,0.0
C0233426,C0442519,0.0
C0233426,C0003507,0.0
C0233426,C0332183,0.0
C0233426,C0205392,0.0
C0233426,C0040223,0.0
C0233426,C0036375,0.0
C0233426,C0960273,0.0
C0233426,C0332148,0.0
C0233426,C0205159,0.0
C0233426,C1272695,1.0
C0233426,C0008114,0.0
C0233426,C0039409,0.0
C0233426,C0023133,0.0
C0233426,C0037683,1.0
C0233426,C0423552,0.0
C0233426,C0681495,0.0
C0233426,C0871743,0.0
C0233426,C0027361,0.0
C0233426,C0596545,1.0
C0233426,C0587117,0.0
C0233426,C0424318,0.0
C0233426,C0039869,0.0
C0233426,C0565931,0.0
C0233426,C0018767,0.0
C0233426,C0453900,0.0
C0233426,C0023175,0.0
C0233426,C1272689,1.0
C0233426,C0332272,0.0
C0233426,C0332273,0.0
C0233426,C0439234,0.0
C0233426,C0004927,0.0
C0233426,C0086296,0.0
C0233426,C0871222,0.0
C0233426,C0021223,0.0
C0233426,C0162340,0.0
C0233426,C0849912,0.0
C0233426,C0039401,0.0
C0233426,C0080151,0.0
C0233426,C0007306,0.0
C0233426,C0205170,0.0
C0233426,C0033213,0.5
C0233426,C0683610,0.0
C0233426,C0233481,0.0
C0233426,C0332288,0.0
C0233426,C1080058,0.3333333333333333
C0233642,C0179196,0.0
C0233642,C0220843,0.0
C0233642,C0020114,0.0
C0233642,C0442519,0.0
C0233642,C0003507,0.0
C0233642,C0332183,0.0
C0233642,C0205392,0.0
C0233642,C0040223,0.0
C0233642,C0036375,0.0
C0233642,C0960273,0.0
C0233642,C0332148,0.0
C0233642,C0205159,0.0
C0233642,C1272695,1.0
C0233642,C0008114,0.0
C0233642,C0039409,0.0
C0233642,C0023133,0.0
C0233642,C0037683,1.0
C0233642,C0423552,0.0
C0233642,C0681495,0.0
C0233642,C0871743,0.0
C0233642,C0027361,0.0
C0233642,C0596545,1.0
C0233642,C0587117,0.0
C0233642,C0424318,0.0
C0233642,C0039869,0.0
C0233642,C0565931,0.0
C0233642,C0018767,0.0
C0233642,C0453900,0.0
C0233642,C0023175,0.0
C0233642,C1272689,1.0
C0233642,C0332272,0.0
C0233642,C0332273,0.0
C0233642,C0439234,0.0
C0233642,C0004927,0.0
C0233642,C0086296,0.0
C0233642,C0871222,0.0
C0233642,C0021223,0.0
C0233642,C0162340,0.0
C0233642,C0849912,0.0
C0233642,C0039401,0.0
C0233642,C0080151,0.0
C0233642,C0007306,0.0
C0233642,C0205170,0.0
C0233642,C0033213,0.5
C0233642,C0683610,0.0
C0233642,C0233481,0.0
C0233642,C0332288,0.0
C0233642,C1080058,0.3333333333333333
C0179196,C0220843,0.0
C0179196,C0020114,0.0
C0179196,C0442519,0.0
C0179196,C0003507,0.0
C0179196,C0332183,0.0
C0179196,C0205392,0.0
C0179196,C0040223,0.0
C0179196,C0036375,1.0
C0179196,C0960273,1.0
C0179196,C0332148,0.0
C0179196,C0205159,0.0
C0179196,C1272695,0.0
C0179196,C0008114,1.0
C0179196,C0039409,0.5
C0179196,C0023133,1.0
C0179196,C0037683,0.0
C0179196,C0423552,0.0
C0179196,C0681495,0.5
C0179196,C0871743,0.0
C0179196,C0027361,0.0
C0179196,C0596545,0.0
C0179196,C0587117,1.0
C0179196,C0424318,1.0
C0179196,C0039869,0.0
C0179196,C0565931,1.0
C0179196,C0018767,0.0
C0179196,C0453900,0.0
C0179196,C0023175,0.0
C0179196,C1272689,0.0
C0179196,C0332272,0.5
C0179196,C0332273,1.0
C0179196,C0439234,0.0
C0179196,C0004927,0.0
C0179196,C0086296,0.0
C0179196,C0871222,0.0
C0179196,C0021223,0.1
C0179196,C0162340,0.0
C0179196,C0849912,0.0
C0179196,C0039401,0.0
C0179196,C0080151,0.3333333333333333
C0179196,C0007306,0.0
C0179196,C0205170,0.0
C0179196,C0033213,0.0
C0179196,C0683610,0.0
C0179196,C0233481,0.5
C0179196,C0332288,0.0
C0179196,C1080058,0.0
C0220843,C0020114,0.0
C0220843,C0442519,0.0
C0220843,C0003507,1.0
C0220843,C0332183,1.0
C0220843,C0205392,0.0
C0220843,C0040223,0.5
C0220843,C0036375,0.0
C0220843,C0960273,0.0
C0220843,C0332148,0.0
C0220843,C0205159,0.0
C0220843,C1272695,0.0
C0220843,C0008114,0.0
C0220843,C0039409,0.0
C0220843,C0023133,0.0
C0220843,C0037683,0.0
C0220843,C0423552,0.0
C0220843,C0681495,0.5
C0220843,C0871743,0.0
C0220843,C0027361,0.0
C0220843,C0596545,0.0
C0220843,C0587117,0.0
C0220843,C0424318,0.0
C0220843,C0039869,1.0
C0220843,C0565931,0.0
C0220843,C0018767,0.0
C0220843,C0453900,0.0
C0220843,C0023175,0.0
C0220843,C1272689,0.0
C0220843,C0332272,0.5
C0220843,C0332273,0.0
C0220843,C0439234,0.0
C0220843,C0004927,1.0
C0220843,C0086296,0.0
C0220843,C0871222,1.0
C0220843,C0021223,0.1
C0220843,C0162340,0.0
C0220843,C0849912,0.5
C0220843,C0039401,0.0
C0220843,C0080151,0.0
C0220843,C0007306,0.0
C0220843,C0205170,0.0
C0220843,C0033213,0.0
C0220843,C0683610,1.0
C0220843,C0233481,0.0
C0220843,C0332288,0.0
C0220843,C1080058,0.0
C0020114,C0442519,0.0
C0020114,C0003507,0.0
C0020114,C0332183,0.0
C0020114,C0205392,1.0
C0020114,C0040223,0.0
C0020114,C0036375,0.0
C0020114,C0960273,0.0
C0020114,C0332148,0.0
C0020114,C0205159,0.0
C0020114,C1272695,0.0
C0020114,C0008114,0.0
C0020114,C0039409,0.0
C0020114,C0023133,0.0
C0020114,C0037683,0.0
C0020114,C0423552,0.0
C0020114,C0681495,0.0
C0020114,C0871743,0.0
C0020114,C0027361,0.0
C0020114,C0596545,0.0
C0020114,C0587117,0.0
C0020114,C0424318,0.0
C0020114,C0039869,0.0
C0020114,C0565931,0.0
C0020114,C0018767,1.0
C0020114,C0453900,0.0
C0020114,C0023175,1.0
C0020114,C1272689,0.0
C0020114,C0332272,0.0
C0020114,C0332273,0.0
C0020114,C0439234,0.0
C0020114,C0004927,0.0
C0020114,C0086296,0.0
C0020114,C0871222,0.0
C0020114,C0021223,0.0
C0020114,C0162340,0.0
C0020114,C0849912,0.0
C0020114,C0039401,0.0
C0020114,C0080151,0.3333333333333333
C0020114,C0007306,0.0
C0020114,C0205170,0.0
C0020114,C0033213,0.0
C0020114,C0683610,0.0
C0020114,C0233481,0.0
C0020114,C0332288,0.0
C0020114,C1080058,0.0
C0442519,C0003507,0.0
C0442519,C0332183,0.0
C0442519,C0205392,0.0
C0442519,C0040223,0.0
C0442519,C0036375,0.0
C0442519,C0960273,0.0
C0442519,C0332148,0.0
C0442519,C0205159,1.0
C0442519,C1272695,0.0
C0442519,C0008114,0.0
C0442519,C0039409,0.0
C0442519,C0023133,0.0
C0442519,C0037683,0.0
C0442519,C0423552,0.0
C0442519,C0681495,0.0
C0442519,C0871743,0.0
C0442519,C0027361,0.0
C0442519,C0596545,0.0
C0442519,C0587117,0.0
C0442519,C0424318,0.0
C0442519,C0039869,0.0
C0442519,C0565931,0.0
C0442519,C0018767,0.0
C0442519,C0453900,1.0
C0442519,C0023175,0.0
C0442519,C1272689,0.0
C0442519,C0332272,0.0
C0442519,C0332273,0.0
C0442519,C0439234,1.0
C0442519,C0004927,0.0
C0442519,C0086296,0.0
C0442519,C0871222,0.0
C0442519,C0021223,0.1
C0442519,C0162340,0.0
C0442519,C0849912,0.0
C0442519,C0039401,0.0
C0442519,C0080151,0.0
C0442519,C0007306,0.0
C0442519,C0205170,0.0
C0442519,C0033213,0.5
C0442519,C0683610,0.0
C0442519,C0233481,0.0
C0442519,C0332288,0.0
C0442519,C1080058,0.0
C0003507,C0332183,1.0
C0003507,C0205392,0.0
C0003507,C0040223,0.5
C0003507,C0036375,0.0
C0003507,C0960273,0.0
C0003507,C0332148,0.0
C0003507,C0205159,0.0
C0003507,C1272695,0.0
C0003507,C0008114,0.0
C0003507,C0039409,0.0
C0003507,C0023133,0.0
C0003507,C0037683,0.0
C0003507,C0423552,0.0
C0003507,C0681495,0.5
C0003507,C0871743,0.0
C0003507,C0027361,0.0
C0003507,C0596545,0.0
C0003507,C0587117,0.0
C0003507,C0424318,0.0
C0003507,C0039869,1.0
C0003507,C0565931,0.0
C0003507,C0018767,0.0
C0003507,C0453900,0.0
C0003507,C0023175,0.0
C0003507,C1272689,0.0
C0003507,C0332272,0.5
C0003507,C0332273,0.0
C0003507,C0439234,0.0
C0003507,C0004927,1.0
C0003507,C0086296,0.0
C0003507,C0871222,1.0
C0003507,C0021223,0.1
C0003507,C0162340,0.0
C0003507,C0849912,0.5
C0003507,C0039401,0.0
C0003507,C0080151,0.0
C0003507,C0007306,0.0
C0003507,C0205170,0.0
C0003507,C0033213,0.0
C0003507,C0683610,1.0
C0003507,C0233481,0.0
C0003507,C0332288,0.0
C0003507,C1080058,0.0
C0332183,C0205392,0.0
C0332183,C0040223,0.5
C0332183,C0036375,0.0
C0332183,C0960273,0.0
C0332183,C0332148,0.0
C0332183,C0205159,0.0
C0332183,C1272695,0.0
C0332183,C0008114,0.0
C0332183,C0039409,0.0
C0332183,C0023133,0.0
C0332183,C0037683,0.0
C0332183,C0423552,0.0
C0332183,C0681495,0.5
C0332183,C0871743,0.0
C0332183,C0027361,0.0
C0332183,C0596545,0.0
C0332183,C0587117,0.0
C0332183,C0424318,0.0
C0332183,C0039869,1.0
C0332183,C0565931,0.0
C0332183,C0018767,0.0
C0332183,C0453900,0.0
C0332183,C0023175,0.0
C0332183,C1272689,0.0
C0332183,C0332272,0.5
C0332183,C0332273,0.0
C0332183,C0439234,0.0
C0332183,C0004927,1.0
C0332183,C0086296,0.0
C0332183,C0871222,1.0
C0332183,C0021223,0.1
C0332183,C0162340,0.0
C0332183,C0849912,0.5
C0332183,C0039401,0.0
C0332183,C0080151,0.0
C0332183,C0007306,0.0
C0332183,C0205170,0.0
C0332183,C0033213,0.0
C0332183,C0683610,1.0
C0332183,C0233481,0.0
C0332183,C0332288,0.0
C0332183,C1080058,0.0
C0205392,C0040223,0.0
C0205392,C0036375,0.0
C0205392,C0960273,0.0
C0205392,C0332148,0.0
C0205392,C0205159,0.0
C0205392,C1272695,0.0
C0205392,C0008114,0.0
C0205392,C0039409,0.0
C0205392,C0023133,0.0
C0205392,C0037683,0.0
C0205392,C0423552,0.0
C0205392,C0681495,0.0
C0205392,C0871743,0.0
C0205392,C0027361,0.0
C0205392,C0596545,0.0
C0205392,C0587117,0.0
C0205392,C0424318,0.0
C0205392,C0039869,0.0
C0205392,C0565931,0.0
C0205392,C0018767,1.0
C0205392,C0453900,0.0
C0205392,C0023175,1.0
C0205392,C1272689,0.0
C0205392,C0332272,0.0
C0205392,C0332273,0.0
C0205392,C0439234,0.0
C0205392,C0004927,0.0
C0205392,C0086296,0.0
C0205392,C0871222,0.0
C0205392,C0021223,0.0
C0205392,C0162340,0.0
C0205392,C0849912,0.0
C0205392,C0039401,0.0
C0205392,C0080151,0.3333333333333333
C0205392,C0007306,0.0
C0205392,C0205170,0.0
C0205392,C0033213,0.0
C0205392,C0683610,0.0
C0205392,C0233481,0.0
C0205392,C0332288,0.0
C0205392,C1080058,0.0
C0040223,C0036375,0.0
C0040223,C0960273,0.0
C0040223,C0332148,0.0
C0040223,C0205159,0.0
C0040223,C1272695,0.0
C0040223,C0008114,0.0
C0040223,C0039409,0.0
C0040223,C0023133,0.0
C0040223,C0037683,0.0
C0040223,C0423552,0.0
C0040223,C0681495,0.5
C0040223,C0871743,1.0
C0040223,C0027361,1.0
C0040223,C0596545,0.0
C0040223,C0587117,0.0
C0040223,C0424318,0.0
C0040223,C0039869,1.0
C0040223,C0565931,0.0
C0040223,C0018767,0.0
C0040223,C0453900,0.0
C0040223,C0023175,0.0
C0040223,C1272689,0.0
C0040223,C0332272,0.5
C0040223,C0332273,0.0
C0040223,C0439234,0.0
C0040223,C0004927,1.0
C0040223,C0086296,0.5
C0040223,C0871222,1.0
C0040223,C0021223,0.1
C0040223,C0162340,1.0
C0040223,C0849912,1.0
C0040223,C0039401,0.0
C0040223,C0080151,0.0
C0040223,C0007306,1.0
C0040223,C0205170,1.0
C0040223,C0033213,0.0
C0040223,C0683610,1.0
C0040223,C0233481,0.0
C0040223,C0332288,0.0
C0040223,C1080058,0.0
C0036375,C0960273,1.0
C0036375,C0332148,0.0
C0036375,C0205159,0.0
C0036375,C1272695,0.0
C0036375,C0008114,1.0
C0036375,C0039409,0.5
C0036375,C0023133,1.0
C0036375,C0037683,0.0
C0036375,C0423552,0.0
C0036375,C0681495,0.5
C0036375,C0871743,0.0
C0036375,C0027361,0.0
C0036375,C0596545,0.0
C0036375,C0587117,1.0
C0036375,C0424318,1.0
C0036375,C0039869,0.0
C0036375,C0565931,1.0
C0036375,C0018767,0.0
C0036375,C0453900,0.0
C0036375,C0023175,0.0
C0036375,C1272689,0.0
C0036375,C0332272,0.5
C0036375,C0332273,1.0
C0036375,C0439234,0.0
C0036375,C0004927,0.0
C0036375,C0086296,0.0
C0036375,C0871222,0.0
C0036375,C0021223,0.1
C0036375,C0162340,0.0
C0036375,C0849912,0.0
C0036375,C0039401,0.0
C0036375,C0080151,0.3333333333333333
C0036375,C0007306,0.0
C0036375,C0205170,0.0
C0036375,C0033213,0.0
C0036375,C0683610,0.0
C0036375,C0233481,0.5
C0036375,C0332288,0.0
C0036375,C1080058,0.0
C0960273,C0332148,0.0
C0960273,C0205159,0.0
C0960273,C1272695,0.0
C0960273,C0008114,1.0
C0960273,C0039409,0.5
C0960273,C0023133,1.0
C0960273,C0037683,0.0
C0960273,C0423552,0.0
C0960273,C0681495,0.5
C0960273,C0871743,0.0
C0960273,C0027361,0.0
C0960273,C0596545,0.0
C0960273,C0587117,1.0
C0960273,C0424318,1.0
C0960273,C0039869,0.0
C0960273,C0565931,1.0
C0960273,C0018767,0.0
C0960273,C0453900,0.0
C0960273,C0023175,0.0
C0960273,C1272689,0.0
C0960273,C0332272,0.5
C0960273,C0332273,1.0
C0960273,C0439234,0.0
C0960273,C0004927,0.0
C0960273,C0086296,0.0
C0960273,C0871222,0.0
C0960273,C0021223,0.1
C0960273,C0162340,0.0
C0960273,C0849912,0.0
C0960273,C0039401,0.0
C0960273,C0080151,0.3333333333333333
C0960273,C0007306,0.0
C0960273,C0205170,0.0
C0960273,C0033213,0.0
C0960273,C0683610,0.0
C0960273,C0233481,0.5
C0960273,C0332288,0.0
C0960273,C1080058,0.0
C0332148,C0205159,0.0
C0332148,C1272695,0.0
C0332148,C0008114,0.0
C0332148,C0039409,0.0
C0332148,C0023133,0.0
C0332148,C0037683,0.0
C0332148,C0423552,0.0
C0332148,C0681495,0.0
C0332148,C0871743,0.0
C0332148,C0027361,0.0
C0332148,C0596545,0.0
C0332148,C0587117,0.0
C0332148,C0424318,0.0
C0332148,C0039869,0.0
C0332148,C0565931,0.0
C0332148,C0018767,0.0
C0332148,C0453900,0.0
C0332148,C0023175,0.0
C0332148,C1272689,0.0
C0332148,C0332272,0.0
C0332148,C0332273,0.0
C0332148,C0439234,0.0
C0332148,C0004927,0.0
C0332148,C0086296,0.0
C0332148,C0871222,0.0
C0332148,C0021223,0.1
C0332148,C0162340,0.0
C0332148,C0849912,0.0
C0332148,C0039401,1.0
C0332148,C0080151,0.0
C0332148,C0007306,0.0
C0332148,C0205170,0.0
C0332148,C0033213,0.0
C0332148,C0683610,0.0
C0332148,C0233481,0.0
C0332148,C0332288,0.0
C0332148,C1080058,0.0
C0205159,C1272695,0.0
C0205159,C0008114,0.0
C0205159,C0039409,0.0
C0205159,C0023133,0.0
C0205159,C0037683,0.0
C0205159,C0423552,0.0
C0205159,C0681495,0.0
C0205159,C0871743,0.0
C0205159,C0027361,0.0
C0205159,C0596545,0.0
C0205159,C0587117,0.0
C0205159,C0424318,0.0
C0205159,C0039869,0.0
C0205159,C0565931,0.0
C0205159,C0018767,0.0
C0205159,C0453900,1.0
C0205159,C0023175,0.0
C0205159,C1272689,0.0
C0205159,C0332272,0.0
C0205159,C0332273,0.0
C0205159,C0439234,1.0
C0205159,C0004927,0.0
C0205159,C0086296,0.0
C0205159,C0871222,0.0
C0205159,C0021223,0.1
C0205159,C0162340,0.0
C0205159,C0849912,0.0
C0205159,C0039401,0.0
C0205159,C0080151,0.0
C0205159,C0007306,0.0
C0205159,C0205170,0.0
C0205159,C0033213,0.5
C0205159,C0683610,0.0
C0205159,C0233481,0.0
C0205159,C0332288,0.0
C0205159,C1080058,0.0
C1272695,C0008114,0.0
C1272695,C0039409,0.0
C1272695,C0023133,0.0
C1272695,C0037683,1.0
C1272695,C0423552,0.0
C1272695,C0681495,0.0
C1272695,C0871743,0.0
C1272695,C0027361,0.0
C1272695,C0596545,1.0
C1272695,C0587117,0.0
C1272695,C0424318,0.0
C1272695,C0039869,0.0
C1272695,C0565931,0.0
C1272695,C0018767,0.0
C1272695,C0453900,0.0
C1272695,C0023175,0.0
C1272695,C1272689,1.0
C1272695,C0332272,0.0
C1272695,C0332273,0.0
C1272695,C0439234,0.0
C1272695,C0004927,0.0
C1272695,C0086296,0.0
C1272695,C0871222,0.0
C1272695,C0021223,0.0
C1272695,C0162340,0.0
C1272695,C0849912,0.0
C1272695,C0039401,0.0
C1272695,C0080151,0.0
C1272695,C0007306,0.0
C1272695,C0205170,0.0
C1272695,C0033213,0.5
C1272695,C0683610,0.0
C1272695,C0233481,0.0
C1272695,C0332288,0.0
C1272695,C1080058,0.3333333333333333
C0008114,C0039409,0.5
C0008114,C0023133,1.0
C0008114,C0037683,0.0
C0008114,C0423552,0.0
C0008114,C0681495,0.5
C0008114,C0871743,0.0
C0008114,C0027361,0.0
C0008114,C0596545,0.0
C0008114,C0587117,1.0
C0008114,C0424318,1.0
C0008114,C0039869,0.0
C0008114,C0565931,1.0
C0008114,C0018767,0.0
C0008114,C0453900,0.0
C0008114,C0023175,0.0
C0008114,C1272689,0.0
C0008114,C0332272,0.5
C0008114,C0332273,1.0
C0008114,C0439234,0.0
C0008114,C0004927,0.0
C0008114,C0086296,0.0
C0008114,C0871222,0.0
C0008114,C0021223,0.1
C0008114,C0162340,0.0
C0008114,C0849912,0.0
C0008114,C0039401,0.0
C0008114,C0080151,0.3333333333333333
C0008114,C0007306,0.0
C0008114,C0205170,0.0
C0008114,C0033213,0.0
C0008114,C0683610,0.0
C0008114,C0233481,0.5
C0008114,C0332288,0.0
C0008114,C1080058,0.0
C0039409,C0023133,1.0
C0039409,C0037683,0.0
C0039409,C0423552,0.0
C0039409,C0681495,0.5
C0039409,C0871743,0.0
C0039409,C0027361,0.0
C0039409,C0596545,0.0
C0039409,C0587117,1.0
C0039409,C0424318,1.0
C0039409,C0039869,0.0
C0039409,C0565931,1.0
C0039409,C0018767,0.0
C0039409,C0453900,0.0
C0039409,C0023175,0.0
C0039409,C1272689,0.0
C0039409,C0332272,0.5
C0039409,C0332273,1.0
C0039409,C0439234,0.0
C0039409,C0004927,0.0
C0039409,C0086296,0.0
C0039409,C0871222,0.0
C0039409,C0021223,0.1
C0039409,C0162340,0.0
C0039409,C0849912,0.0
C0039409,C0039401,0.0
C0039409,C0080151,0.3333333333333333
C0039409,C0007306,0.0
C0039409,C0205170,0.0
C0039409,C0033213,0.0
C0039409,C0683610,0.0
C0039409,C0233481,0.5
C0039409,C0332288,0.0
C0039409,C1080058,0.0
C0023133,C0037683,0.0
C0023133,C0423552,0.0
C0023133,C0681495,0.5
C0023133,C0871743,0.0
C0023133,C0027361,0.0
C0023133,C0596545,0.0
C0023133,C0587117,1.0
C0023133,C0424318,1.0
C0023133,C0039869,0.0
C0023133,C0565931,1.0
C0023133,C0018767,0.0
C0023133,C0453900,0.0
C0023133,C0023175,0.0
C0023133,C1272689,0.0
C0023133,C0332272,0.5
C0023133,C0332273,1.0
C0023133,C0439234,0.0
C0023133,C0004927,0.0
C0023133,C0086296,0.0
C0023133,C0871222,0.0
C0023133,C0021223,0.1
C0023133,C0162340,0.0
C0023133,C0849912,0.0
C0023133,C0039401,0.0
C0023133,C0080151,0.3333333333333333
C0023133,C0007306,0.0
C0023133,C0205170,0.0
C0023133,C0033213,0.0
C0023133,C0683610,0.0
C0023133,C0233481,0.5
C0023133,C0332288,0.0
C0023133,C1080058,0.0
C0037683,C0423552,0.0
C0037683,C0681495,0.0
C0037683,C0871743,0.0
C0037683,C0027361,0.0
C0037683,C0596545,1.0
C0037683,C0587117,0.0
C0037683,C0424318,0.0
C0037683,C0039869,0.0
C0037683,C0565931,0.0
C0037683,C0018767,0.0
C0037683,C0453900,0.0
C0037683,C0023175,0.0
C0037683,C1272689,1.0
C0037683,C0332272,0.0
C0037683,C0332273,0.0
C0037683,C0439234,0.0
C0037683,C0004927,0.0
C0037683,C0086296,0.0
C0037683,C0871222,0.0
C0037683,C0021223,0.0
C0037683,C0162340,0.0
C0037683,C0849912,0.0
C0037683,C0039401,0.0
C0037683,C0080151,0.0
C0037683,C0007306,0.0
C0037683,C0205170,0.0
C0037683,C0033213,0.5
C0037683,C0683610,0.0
C0037683,C0233481,0.0
C0037683,C0332288,0.0
C0037683,C1080058,0.3333333333333333
C0423552,C0681495,0.0
C0423552,C0871743,0.0
C0423552,C0027361,0.0
C0423552,C0596545,0.0
C0423552,C0587117,0.0
C0423552,C0424318,0.0
C0423552,C0039869,0.0
C0423552,C0565931,0.0
C0423552,C0018767,0.0
C0423552,C0453900,0.0
C0423552,C0023175,0.0
C0423552,C1272689,0.0
C0423552,C0332272,0.0
C0423552,C0332273,0.0
C0423552,C0439234,0.0
C0423552,C0004927,0.0
C0423552,C0086296,0.0
C0423552,C0871222,0.0
C0423552,C0021223,0.0
C0423552,C0162340,0.0
C0423552,C0849912,0.0
C0423552,C0039401,0.0
C0423552,C0080151,0.0
C0423552,C0007306,0.0
C0423552,C0205170,0.0
C0423552,C0033213,0.0
C0423552,C0683610,0.0
C0423552,C0233481,0.0
C0423552,C0332288,1.0
C0423552,C1080058,0.3333333333333333
C0681495,C0871743,0.0
C0681495,C0027361,0.0
C0681495,C0596545,0.0
C0681495,C0587117,1.0
C0681495,C0424318,1.0
C0681495,C0039869,1.0
C0681495,C0565931,1.0
C0681495,C0018767,0.0
C0681495,C0453900,0.0
C0681495,C0023175,0.0
C0681495,C1272689,0.0
C0681495,C0332272,1.0
C0681495,C0332273,1.0
C0681495,C0439234,0.0
C0681495,C0004927,1.0
C0681495,C0086296,0.0
C0681495,C0871222,1.0
C0681495,C0021223,0.2
C0681495,C0162340,0.0
C0681495,C0849912,0.5
C0681495,C0039401,0.0
C0681495,C0080151,0.3333333333333333
C0681495,C0007306,0.0
C0681495,C0205170,0.0
C0681495,C0033213,0.0
C0681495,C0683610,1.0
C0681495,C0233481,0.5
C0681495,C0332288,0.0
C0681495,C1080058,0.0
C0871743,C0027361,1.0
C0871743,C0596545,0.0
C0871743,C0587117,0.0
C0871743,C0424318,0.0
C0871743,C0039869,0.0
C0871743,C0565931,0.0
C0871743,C0018767,0.0
C0871743,C0453900,0.0
C0871743,C0023175,0.0
C0871743,C1272689,0.0
C0871743,C0332272,0.0
C0871743,C0332273,0.0
C0871743,C0439234,0.0
C0871743,C0004927,0.0
C0871743,C0086296,0.5
C0871743,C0871222,0.0
C0871743,C0021223,0.0
C0871743,C0162340,1.0
C0871743,C0849912,0.5
C0871743,C0039401,0.0
C0871743,C0080151,0.0
C0871743,C0007306,1.0
C0871743,C0205170,1.0
C0871743,C0033213,0.0
C0871743,C0683610,0.0
C0871743,C0233481,0.0
C0871743,C0332288,0.0
C0871743,C1080058,0.0
C0027361,C0596545,0.0
C0027361,C0587117,0.0
C0027361,C0424318,0.0
C0027361,C0039869,0.0
C0027361,C0565931,0.0
C0027361,C0018767,0.0
C0027361,C0453900,0.0
C0027361,C0023175,0.0
C0027361,C1272689,0.0
C0027361,C0332272,0.0
C0027361,C0332273,0.0
C0027361,C0439234,0.0
C0027361,C0004927,0.0
C0027361,C0086296,0.5
C0027361,C0871222,0.0
C0027361,C0021223,0.0
C0027361,C0162340,1.0
C0027361,C0849912,0.5
C0027361,C0039401,0.0
C0027361,C0080151,0.0
C0027361,C0007306,1.0
C0027361,C0205170,1.0
C0027361,C0033213,0.0
C0027361,C0683610,0.0
C0027361,C0233481,0.0
C0027361,C0332288,0.0
C0027361,C1080058,0.0
C0596545,C0587117,0.0
C0596545,C0424318,0.0
C0596545,C0039869,0.0
C0596545,C0565931,0.0
C0596545,C0018767,0.0
C0596545,C0453900,0.0
C0596545,C0023175,0.0
C0596545,C1272689,1.0
C0596545,C0332272,0.0
C0596545,C0332273,0.0
C0596545,C0439234,0.0
C0596545,C0004927,0.0
C0596545,C0086296,0.0
C0596545,C0871222,0.0
C0596545,C0021223,0.0
C0596545,C0162340,0.0
C0596545,C0849912,0.0
C0596545,C0039401,0.0
C0596545,C0080151,0.0
C0596545,C0007306,0.0
C0596545,C0205170,0.0
C0596545,C0033213,0.5
C0596545,C0683610,0.0
C0596545,C0233481,0.0
C0596545,C0332288,0.0
C0596545,C1080058,0.3333333333333333
C0587117,C0424318,1.0
C0587117,C0039869,0.0
C0587117,C0565931,1.0
C0587117,C0018767,0.0
C0587117,C0453900,0.0
C0587117,C0023175,0.0
C0587117,C1272689,0.0
C0587117,C0332272,0.5
C0587117,C0332273,1.0
C0587117,C0439234,0.0
C0587117,C0004927,0.0
C0587117,C0086296,0.0
C0587117,C0871222,0.0
C0587117,C0021223,0.1
C0587117,C0162340,0.0
C0587117,C0849912,0.0
C0587117,C0039401,0.0
C0587117,C0080151,0.3333333333333333
C0587117,C0007306,0.0
C0587117,C0205170,0.0
C0587117,C0033213,0.0
C0587117,C0683610,0.0
C0587117,C0233481,0.5
C0587117,C0332288,0.0
C0587117,C1080058,0.0
C0424318,C0039869,0.0
C0424318,C0565931,1.0
C0424318,C0018767,0.0
C0424318,C0453900,0.0
C0424318,C0023175,0.0
C0424318,C1272689,0.0
C0424318,C0332272,0.5
C0424318,C0332273,1.0
C0424318,C0439234,0.0
C0424318,C0004927,0.0
C0424318,C0086296,0.0
C0424318,C0871222,0.0
C0424318,C0021223,0.1
C0424318,C0162340,0.0
C0424318,C0849912,0.0
C0424318,C0039401,0.0
C0424318,C0080151,0.3333333333333333
C0424318,C0007306,0.0
C0424318,C0205170,0.0
C0424318,C0033213,0.0
C0424318,C0683610,0.0
C0424318,C0233481,0.5
C0424318,C0332288,0.0
C0424318,C1080058,0.0
C0039869,C0565931,0.0
C0039869,C0018767,0.0
C0039869,C0453900,0.0
C0039869,C0023175,0.0
C0039869,C1272689,0.0
C0039869,C0332272,0.5
C0039869,C0332273,0.0
C0039869,C0439234,0.0
C0039869,C0004927,1.0
C0039869,C0086296,0.0
C0039869,C0871222,1.0
C0039869,C0021223,0.1
C0039869,C0162340,0.0
C0039869,C0849912,0.5
C0039869,C0039401,0.0
C0039869,C0080151,0.0
C0039869,C0007306,0.0
C0039869,C0205170,0.0
C0039869,C0033213,0.0
C0039869,C0683610,1.0
C0039869,C0233481,0.0
C0039869,C0332288,0.0
C0039869,C1080058,0.0
C0565931,C0018767,0.0
C0565931,C0453900,0.0
C0565931,C0023175,0.0
C0565931,C1272689,0.0
C0565931,C0332272,0.5
C0565931,C0332273,1.0
C0565931,C0439234,0.0
C0565931,C0004927,0.0
C0565931,C0086296,0.0
C0565931,C0871222,0.0
C0565931,C0021223,0.1
C0565931,C0162340,0.0
C0565931,C0849912,0.0
C0565931,C0039401,0.0
C0565931,C0080151,0.3333333333333333
C0565931,C0007306,0.0
C0565931,C0205170,0.0
C0565931,C0033213,0.0
C0565931,C0683610,0.0
C0565931,C0233481,0.5
C0565931,C0332288,0.0
C0565931,C1080058,0.0
C0018767,C0453900,0.0
C0018767,C0023175,1.0
C0018767,C1272689,0.0
C0018767,C0332272,0.0
C0018767,C0332273,0.0
C0018767,C0439234,0.0
C0018767,C0004927,0.0
C0018767,C0086296,0.0
C0018767,C0871222,0.0
C0018767,C0021223,0.0
C0018767,C0162340,0.0
C0018767,C0849912,0.0
C0018767,C0039401,0.0
C0018767,C0080151,0.3333333333333333
C0018767,C0007306,0.0
C0018767,C0205170,0.0
C0018767,C0033213,0.0
C0018767,C0683610,0.0
C0018767,C0233481,0.0
C0018767,C0332288,0.0
C0018767,C1080058,0.0
C0453900,C0023175,0.0
C0453900,C1272689,0.0
C0453900,C0332272,0.0
C0453900,C0332273,0.0
C0453900,C0439234,1.0
C0453900,C0004927,0.0
C0453900,C0086296,0.0
C0453900,C0871222,0.0
C0453900,C0021223,0.1
C0453900,C0162340,0.0
C0453900,C0849912,0.0
C0453900,C0039401,0.0
C0453900,C0080151,0.0
C0453900,C0007306,0.0
C0453900,C0205170,0.0
C0453900,C0033213,0.5
C0453900,C0683610,0.0
C0453900,C0233481,0.0
C0453900,C0332288,0.0
C0453900,C1080058,0.0
C0023175,C1272689,0.0
C0023175,C0332272,0.0
C0023175,C0332273,0.0
C0023175,C0439234,0.0
C0023175,C0004927,0.0
C0023175,C0086296,0.0
C0023175,C0871222,0.0
C0023175,C0021223,0.0
C0023175,C0162340,0.0
C0023175,C0849912,0.0
C0023175,C0039401,0.0
C0023175,C0080151,0.3333333333333333
C0023175,C0007306,0.0
C0023175,C0205170,0.0
C0023175,C0033213,0.0
C0023175,C0683610,0.0
C0023175,C0233481,0.0
C0023175,C0332288,0.0
C0023175,C1080058,0.0
C1272689,C0332272,0.0
C1272689,C0332273,0.0
C1272689,C0439234,0.0
C1272689,C0004927,0.0
C1272689,C0086296,0.0
C1272689,C0871222,0.0
C1272689,C0021223,0.0
C1272689,C0162340,0.0
C1272689,C0849912,0.0
C1272689,C0039401,0.0
C1272689,C0080151,0.0
C1272689,C0007306,0.0
C1272689,C0205170,0.0
C1272689,C0033213,0.5
C1272689,C0683610,0.0
C1272689,C0233481,0.0
C1272689,C0332288,0.0
C1272689,C1080058,0.3333333333333333
C0332272,C0332273,1.0
C0332272,C0439234,0.0
C0332272,C0004927,1.0
C0332272,C0086296,0.0
C0332272,C0871222,1.0
C0332272,C0021223,0.2
C0332272,C0162340,0.0
C0332272,C0849912,0.5
C0332272,C0039401,0.0
C0332272,C0080151,0.3333333333333333
C0332272,C0007306,0.0
C0332272,C0205170,0.0
C0332272,C0033213,0.0
C0332272,C0683610,1.0
C0332272,C0233481,0.5
C0332272,C0332288,0.0
C0332272,C1080058,0.0
C0332273,C0439234,0.0
C0332273,C0004927,0.0
C0332273,C0086296,0.0
C0332273,C0871222,0.0
C0332273,C0021223,0.1
C0332273,C0162340,0.0
C0332273,C0849912,0.0
C0332273,C0039401,0.0
C0332273,C0080151,0.3333333333333333
C0332273,C0007306,0.0
C0332273,C0205170,0.0
C0332273,C0033213,0.0
C0332273,C0683610,0.0
C0332273,C0233481,0.5
C0332273,C0332288,0.0
C0332273,C1080058,0.0
C0439234,C0004927,0.0
C0439234,C0086296,0.0
C0439234,C0871222,0.0
C0439234,C0021223,0.1
C0439234,C0162340,0.0
C0439234,C0849912,0.0
C0439234,C0039401,0.0
C0439234,C0080151,0.0
C0439234,C0007306,0.0
C0439234,C0205170,0.0
C0439234,C0033213,0.5
C0439234,C0683610,0.0
C0439234,C0233481,0.0
C0439234,C0332288,0.0
C0439234,C1080058,0.0
C0004927,C0086296,0.0
C0004927,C0871222,1.0
C0004927,C0021223,0.1
C0004927,C0162340,0.0
C0004927,C0849912,0.5
C0004927,C0039401,0.0
C0004927,C0080151,0.0
C0004927,C0007306,0.0
C0004927,C0205170,0.0
C0004927,C0033213,0.0
C0004927,C0683610,1.0
C0004927,C0233481,0.0
C0004927,C0332288,0.0
C0004927,C1080058,0.0
C0086296,C0871222,0.0
C0086296,C0021223,0.0
C0086296,C0162340,1.0
C0086296,C0849912,0.5
C0086296,C0039401,0.0
C0086296,C0080151,0.0
C0086296,C0007306,1.0
C0086296,C0205170,1.0
C0086296,C0033213,0.0
C0086296,C0683610,0.0
C0086296,C0233481,0.0
C0086296,C0332288,0.0
C0086296,C1080058,0.0
C0871222,C0021223,0.1
C0871222,C0162340,0.0
C0871222,C0849912,0.5
C0871222,C0039401,0.0
C0871222,C0080151,0.0
C0871222,C0007306,0.0
C0871222,C0205170,0.0
C0871222,C0033213,0.0
C0871222,C0683610,1.0
C0871222,C0233481,0.0
C0871222,C0332288,0.0
C0871222,C1080058,0.0
C0021223,C0162340,0.0
C0021223,C0849912,0.5
C0021223,C0039401,1.0
C0021223,C0080151,0.6666666666666666
C0021223,C0007306,0.0
C0021223,C0205170,0.0
C0021223,C0033213,0.5
C0021223,C0683610,1.0
C0021223,C0233481,0.5
C0021223,C0332288,0.0
C0021223,C1080058,0.0
C0162340,C0849912,0.5
C0162340,C0039401,0.0
C0162340,C0080151,0.0
C0162340,C0007306,1.0
C0162340,C0205170,1.0
C0162340,C0033213,0.0
C0162340,C0683610,0.0
C0162340,C0233481,0.0
C0162340,C0332288,0.0
C0162340,C1080058,0.0
C0849912,C0039401,0.0
C0849912,C0080151,0.0
C0849912,C0007306,1.0
C0849912,C0205170,1.0
C0849912,C0033213,0.0
C0849912,C0683610,1.0
C0849912,C0233481,0.0
C0849912,C0332288,0.0
C0849912,C1080058,0.0
C0039401,C0080151,0.0
C0039401,C0007306,0.0
C0039401,C0205170,0.0
C0039401,C0033213,0.0
C0039401,C0683610,0.0
C0039401,C0233481,0.0
C0039401,C0332288,0.0
C0039401,C1080058,0.0
C0080151,C0007306,0.0
C0080151,C0205170,0.0
C0080151,C0033213,0.0
C0080151,C0683610,0.0
C0080151,C0233481,0.5
C0080151,C0332288,0.0
C0080151,C1080058,0.0
C0007306,C0205170,1.0
C0007306,C0033213,0.0
C0007306,C0683610,0.0
C0007306,C0233481,0.0
C0007306,C0332288,0.0
C0007306,C1080058,0.0
C0205170,C0033213,0.0
C0205170,C0683610,0.0
C0205170,C0233481,0.0
C0205170,C0332288,0.0
C0205170,C1080058,0.0
C0033213,C0683610,0.0
C0033213,C0233481,0.0
C0033213,C0332288,0.0
C0033213,C1080058,0.3333333333333333
C0683610,C0233481,0.0
C0683610,C0332288,0.0
C0683610,C1080058,0.0
C0233481,C0332288,0.0
C0233481,C1080058,0.0
C0332288,C1080058,0.3333333333333333
